Team Full,W,L,W/L%,GB,PS/G,PA/G,SRS,Team,Year,Team Updated
Boston Celtics,61,21,.744,—,113.5,105.7,7.37,BOS,1980,BOS
Philadelphia 76ers,59,23,.720,2.0,109.1,104.9,4.04,PHI,1980,PHI
Washington Bullets,39,43,.476,22.0,107.0,109.5,-2.27,WSB,1980,WSB
New York Knicks,39,43,.476,22.0,114.0,115.1,-0.96,NYK,1980,NYK
New Jersey Nets,34,48,.415,27.0,108.3,109.5,-0.98,NJN,1980,NJN
Atlanta Hawks,50,32,.610,—,104.5,101.6,2.83,ATL,1980,ATL
Houston Rockets,41,41,.500,9.0,110.8,110.6,0.27,HOU,1980,HOU
San Antonio Spurs,41,41,.500,9.0,119.4,119.7,-0.24,SAS,1980,SAS
Indiana Pacers,37,45,.451,13.0,111.2,111.9,-0.54,IND,1980,IND
Cleveland Cavaliers,37,45,.451,13.0,114.1,113.8,0.43,CLE,1980,CLE
Detroit Pistons,16,66,.195,34.0,108.9,117.2,-7.57,DET,1980,DET
Milwaukee Bucks,49,33,.598,—,110.1,106.1,3.57,MIL,1980,MIL
Kansas City Kings,47,35,.573,2.0,108.0,104.9,2.82,KCK,1980,KCK
Denver Nuggets,30,52,.366,19.0,108.3,112.7,-4.22,DEN,1980,DEN
Chicago Bulls,30,52,.366,19.0,107.5,110.2,-2.63,CHI,1980,CHI
Utah Jazz,24,58,.293,25.0,102.4,108.4,-5.71,UTA,1980,UTA
Los Angeles Lakers,60,22,.732,—,115.1,109.2,5.40,LAL,1980,LAL
Seattle SuperSonics,56,26,.683,4.0,108.5,103.8,4.24,SEA,1980,SEA
Phoenix Suns,55,27,.671,5.0,111.1,107.5,3.25,PHO,1980,PHO
Portland Trail Blazers,38,44,.463,22.0,102.5,103.3,-0.87,POR,1980,POR
San Diego Clippers,35,47,.427,25.0,107.6,111.7,-3.97,SDC,1980,SDC
Golden State Warriors,24,58,.293,36.0,103.6,108.0,-4.20,GSW,1980,GSW
Boston Celtics,62,20,.756,—,109.9,104.0,6.05,BOS,1981,BOS
Philadelphia 76ers,62,20,.756,—,111.7,103.8,7.76,PHI,1981,PHI
New York Knicks,50,32,.610,12.0,107.9,106.3,2.00,NYK,1981,NYK
Washington Bullets,39,43,.476,23.0,105.6,105.6,0.42,WSB,1981,WSB
New Jersey Nets,24,58,.293,38.0,106.9,113.0,-5.15,NJN,1981,NJN
Milwaukee Bucks,60,22,.732,—,113.1,105.9,7.14,MIL,1981,MIL
Chicago Bulls,45,37,.549,15.0,109.0,107.0,2.34,CHI,1981,CHI
Indiana Pacers,44,38,.537,16.0,107.6,106.2,1.72,IND,1981,IND
Atlanta Hawks,31,51,.378,29.0,104.9,108.0,-2.37,ATL,1981,ATL
Cleveland Cavaliers,28,54,.341,32.0,105.7,110.6,-4.15,CLE,1981,CLE
Detroit Pistons,21,61,.256,39.0,99.7,106.0,-5.58,DET,1981,DET
San Antonio Spurs,52,30,.634,—,112.3,109.4,2.18,SAS,1981,SAS
Kansas City Kings,40,42,.488,12.0,106.9,106.9,-0.49,KCK,1981,KCK
Houston Rockets,40,42,.488,12.0,108.3,107.9,-0.20,HOU,1981,HOU
Denver Nuggets,37,45,.451,15.0,121.8,122.3,-0.95,DEN,1981,DEN
Utah Jazz,28,54,.341,24.0,101.2,107.1,-5.99,UTA,1981,UTA
Dallas Mavericks,15,67,.183,37.0,101.5,109.9,-8.33,DAL,1981,DAL
Phoenix Suns,57,25,.695,—,110.0,104.5,4.83,PHO,1981,PHO
Los Angeles Lakers,54,28,.659,3.0,111.2,107.3,3.27,LAL,1981,LAL
Portland Trail Blazers,45,37,.549,12.0,110.7,109.8,0.52,POR,1981,POR
Golden State Warriors,39,43,.476,18.0,109.8,111.0,-1.41,GSW,1981,GSW
San Diego Clippers,36,46,.439,21.0,106.5,108.1,-1.78,SDC,1981,SDC
Seattle SuperSonics,34,48,.415,23.0,104.0,105.7,-1.84,SEA,1981,SEA
Boston Celtics,63,19,.768,—,112.0,105.6,6.35,BOS,1982,BOS
Philadelphia 76ers,58,24,.707,5.0,111.2,105.5,5.74,PHI,1982,PHI
New Jersey Nets,44,38,.537,19.0,106.7,106.0,0.87,NJN,1982,NJN
Washington Bullets,43,39,.524,20.0,103.5,102.6,1.06,WSB,1982,WSB
New York Knicks,33,49,.402,30.0,106.2,108.9,-2.15,NYK,1982,NYK
Milwaukee Bucks,55,27,.671,—,108.4,102.9,5.38,MIL,1982,MIL
Atlanta Hawks,42,40,.512,13.0,101.0,100.5,0.81,ATL,1982,ATL
Detroit Pistons,39,43,.476,16.0,111.1,112.0,-0.63,DET,1982,DET
Indiana Pacers,35,47,.427,20.0,102.2,104.0,-1.49,IND,1982,IND
Chicago Bulls,34,48,.415,21.0,106.6,108.6,-1.57,CHI,1982,CHI
Cleveland Cavaliers,15,67,.183,40.0,103.2,111.7,-7.77,CLE,1982,CLE
San Antonio Spurs,48,34,.585,—,113.1,110.8,1.79,SAS,1982,SAS
Denver Nuggets,46,36,.561,2.0,126.5,126.0,0.13,DEN,1982,DEN
Houston Rockets,46,36,.561,2.0,105.9,105.9,-0.39,HOU,1982,HOU
Kansas City Kings,30,52,.366,18.0,107.1,110.2,-3.25,KCK,1982,KCK
Dallas Mavericks,28,54,.341,20.0,104.6,109.0,-4.48,DAL,1982,DAL
Utah Jazz,25,57,.305,23.0,110.9,116.6,-5.63,UTA,1982,UTA
Los Angeles Lakers,57,25,.695,—,114.6,109.8,4.37,LAL,1982,LAL
Seattle SuperSonics,52,30,.634,5.0,107.3,103.1,3.69,SEA,1982,SEA
Phoenix Suns,46,36,.561,11.0,106.2,102.7,3.05,PHO,1982,PHO
Golden State Warriors,45,37,.549,12.0,110.9,109.8,0.80,GSW,1982,GSW
Portland Trail Blazers,42,40,.512,15.0,109.8,109.2,0.39,POR,1982,POR
San Diego Clippers,17,65,.207,40.0,108.5,115.9,-7.05,SDC,1982,SDC
Philadelphia 76ers,65,17,.793,—,112.1,104.4,7.53,PHI,1983,PHI
Boston Celtics,56,26,.683,9.0,112.1,106.7,5.34,BOS,1983,BOS
New Jersey Nets,49,33,.598,16.0,105.8,103.0,2.77,NJN,1983,NJN
New York Knicks,44,38,.537,21.0,100.0,97.5,2.58,NYK,1983,NYK
Washington Bullets,42,40,.512,23.0,99.2,99.3,0.20,WSB,1983,WSB
Milwaukee Bucks,51,31,.622,—,106.6,102.2,4.32,MIL,1983,MIL
Atlanta Hawks,43,39,.524,8.0,101.6,102.6,-0.72,ATL,1983,ATL
Detroit Pistons,37,45,.451,14.0,112.7,113.1,-0.17,DET,1983,DET
Chicago Bulls,28,54,.341,23.0,111.0,115.9,-4.41,CHI,1983,CHI
Cleveland Cavaliers,23,59,.280,28.0,97.1,104.6,-6.78,CLE,1983,CLE
Indiana Pacers,20,62,.244,31.0,108.7,114.5,-5.36,IND,1983,IND
San Antonio Spurs,53,29,.646,—,114.3,110.7,3.10,SAS,1983,SAS
Denver Nuggets,45,37,.549,8.0,123.2,122.6,0.27,DEN,1983,DEN
Kansas City Kings,45,37,.549,8.0,113.8,112.3,1.04,KCK,1983,KCK
Dallas Mavericks,38,44,.463,15.0,112.7,113.1,-0.70,DAL,1983,DAL
Utah Jazz,30,52,.366,23.0,109.0,113.2,-4.22,UTA,1983,UTA
Houston Rockets,14,68,.171,39.0,99.3,110.9,-11.12,HOU,1983,HOU
Los Angeles Lakers,58,24,.707,—,115.0,109.5,5.06,LAL,1983,LAL
Phoenix Suns,53,29,.646,5.0,107.0,102.0,4.61,PHO,1983,PHO
Seattle SuperSonics,48,34,.585,10.0,110.0,106.8,2.88,SEA,1983,SEA
Portland Trail Blazers,46,36,.561,12.0,107.4,105.3,1.88,POR,1983,POR
Golden State Warriors,30,52,.366,28.0,108.6,112.3,-3.48,GSW,1983,GSW
San Diego Clippers,25,57,.305,33.0,108.6,113.4,-4.61,SDC,1983,SDC
Boston Celtics,62,20,.756,—,112.1,105.6,6.42,BOS,1984,BOS
Philadelphia 76ers,52,30,.634,10.0,107.8,105.6,2.39,PHI,1984,PHI
New York Knicks,47,35,.573,15.0,106.9,103.0,3.79,NYK,1984,NYK
New Jersey Nets,45,37,.549,17.0,110.0,108.9,1.27,NJN,1984,NJN
Washington Bullets,35,47,.427,27.0,102.7,105.6,-2.36,WSB,1984,WSB
Milwaukee Bucks,50,32,.610,—,105.7,101.5,4.04,MIL,1984,MIL
Detroit Pistons,49,33,.598,1.0,117.1,113.5,3.52,DET,1984,DET
Atlanta Hawks,40,42,.488,10.0,101.5,102.8,-1.08,ATL,1984,ATL
Cleveland Cavaliers,28,54,.341,22.0,102.3,106.5,-3.71,CLE,1984,CLE
Chicago Bulls,27,55,.329,23.0,103.7,108.9,-4.69,CHI,1984,CHI
Indiana Pacers,26,56,.317,24.0,104.5,109.3,-4.25,IND,1984,IND
Utah Jazz,45,37,.549,—,115.0,113.8,0.81,UTA,1984,UTA
Dallas Mavericks,43,39,.524,2.0,110.4,110.0,0.15,DAL,1984,DAL
Denver Nuggets,38,44,.463,7.0,123.7,124.8,-1.27,DEN,1984,DEN
Kansas City Kings,38,44,.463,7.0,110.0,111.5,-1.62,KCK,1984,KCK
San Antonio Spurs,37,45,.451,8.0,120.3,120.5,-0.50,SAS,1984,SAS
Houston Rockets,29,53,.354,16.0,110.6,113.7,-3.12,HOU,1984,HOU
Los Angeles Lakers,54,28,.659,—,115.6,111.8,3.32,LAL,1984,LAL
Portland Trail Blazers,48,34,.585,6.0,113.1,109.6,3.13,POR,1984,POR
Seattle SuperSonics,42,40,.512,12.0,108.1,108.3,-0.34,SEA,1984,SEA
Phoenix Suns,41,41,.500,13.0,111.0,110.1,0.65,PHO,1984,PHO
Golden State Warriors,37,45,.451,17.0,109.9,113.3,-3.35,GSW,1984,GSW
San Diego Clippers,30,52,.366,24.0,110.7,114.0,-3.21,SDC,1984,SDC
Boston Celtics,63,19,.768,—,114.8,108.1,6.47,BOS,1985,BOS
Philadelphia 76ers,58,24,.707,5.0,112.9,108.8,4.17,PHI,1985,PHI
New Jersey Nets,42,40,.512,21.0,109.5,109.2,0.64,NJN,1985,NJN
Washington Bullets,40,42,.488,23.0,105.5,105.8,0.15,WSB,1985,WSB
New York Knicks,24,58,.293,39.0,105.2,109.8,-4.09,NYK,1985,NYK
Milwaukee Bucks,59,23,.720,—,110.9,104.0,6.69,MIL,1985,MIL
Detroit Pistons,46,36,.561,13.0,116.0,113.5,2.73,DET,1985,DET
Chicago Bulls,38,44,.463,21.0,108.7,109.6,-0.50,CHI,1985,CHI
Cleveland Cavaliers,36,46,.439,23.0,108.6,111.3,-2.27,CLE,1985,CLE
Atlanta Hawks,34,48,.415,25.0,106.6,108.1,-1.14,ATL,1985,ATL
Indiana Pacers,22,60,.268,37.0,108.3,114.5,-5.46,IND,1985,IND
Denver Nuggets,52,30,.634,—,120.0,117.6,2.05,DEN,1985,DEN
Houston Rockets,48,34,.585,4.0,111.2,109.5,1.38,HOU,1985,HOU
Dallas Mavericks,44,38,.537,8.0,111.2,109.0,1.80,DAL,1985,DAL
Utah Jazz,41,41,.500,11.0,109.0,109.1,-0.33,UTA,1985,UTA
San Antonio Spurs,41,41,.500,11.0,114.8,113.9,0.63,SAS,1985,SAS
Kansas City Kings,31,51,.378,21.0,114.8,117.5,-2.71,KCK,1985,KCK
Los Angeles Lakers,62,20,.756,—,118.2,110.9,6.48,LAL,1985,LAL
Portland Trail Blazers,42,40,.512,20.0,115.5,112.1,2.80,POR,1985,POR
Phoenix Suns,36,46,.439,26.0,108.0,110.1,-2.34,PHO,1985,PHO
Seattle SuperSonics,31,51,.378,31.0,102.1,107.6,-5.44,SEA,1985,SEA
Los Angeles Clippers,31,51,.378,31.0,107.1,111.6,-4.55,LAC,1985,LAC
Golden State Warriors,22,60,.268,40.0,110.4,117.7,-7.21,GSW,1985,GSW
Boston Celtics,67,15,.817,—,114.1,104.7,9.06,BOS,1986,BOS
Philadelphia 76ers,54,28,.659,13.0,110.4,108.0,2.46,PHI,1986,PHI
Washington Bullets,39,43,.476,28.0,103.0,104.8,-1.28,WSB,1986,WSB
New Jersey Nets,39,43,.476,28.0,109.1,111.1,-1.39,NJN,1986,NJN
New York Knicks,23,59,.280,44.0,98.7,104.3,-4.82,NYK,1986,NYK
Milwaukee Bucks,57,25,.695,—,114.5,105.5,8.69,MIL,1986,MIL
Atlanta Hawks,50,32,.610,7.0,108.6,106.2,2.59,ATL,1986,ATL
Detroit Pistons,46,36,.561,11.0,114.2,113.0,1.44,DET,1986,DET
Chicago Bulls,30,52,.366,27.0,109.3,113.1,-3.12,CHI,1986,CHI
Cleveland Cavaliers,29,53,.354,28.0,107.8,110.6,-2.19,CLE,1986,CLE
Indiana Pacers,26,56,.317,31.0,103.9,107.2,-2.66,IND,1986,IND
Houston Rockets,51,31,.622,—,114.4,111.8,2.10,HOU,1986,HOU
Denver Nuggets,47,35,.573,4.0,114.8,113.5,0.89,DEN,1986,DEN
Dallas Mavericks,44,38,.537,7.0,115.3,114.2,0.70,DAL,1986,DAL
Utah Jazz,42,40,.512,9.0,108.2,108.5,-0.67,UTA,1986,UTA
Sacramento Kings,37,45,.451,14.0,108.8,111.9,-3.19,SAC,1986,SAC
San Antonio Spurs,35,47,.427,16.0,111.2,113.1,-2.06,SAS,1986,SAS
Los Angeles Lakers,62,20,.756,—,117.3,109.5,6.84,LAL,1986,LAL
Portland Trail Blazers,40,42,.488,22.0,115.1,114.0,0.61,POR,1986,POR
Phoenix Suns,32,50,.390,30.0,110.0,113.0,-3.16,PHO,1986,PHO
Los Angeles Clippers,32,50,.390,30.0,108.6,115.5,-6.83,LAC,1986,LAC
Seattle SuperSonics,31,51,.378,31.0,104.4,104.5,-0.47,SEA,1986,SEA
Golden State Warriors,30,52,.366,32.0,113.4,116.9,-3.59,GSW,1986,GSW
Boston Celtics,59,23,.720,—,112.6,106.0,6.57,BOS,1987,BOS
Philadelphia 76ers,45,37,.549,14.0,106.5,106.6,0.11,PHI,1987,PHI
Washington Bullets,42,40,.512,17.0,106.0,107.3,-1.02,WSB,1987,WSB
New Jersey Nets,24,58,.293,35.0,108.5,113.5,-4.42,NJN,1987,NJN
New York Knicks,24,58,.293,35.0,103.8,110.0,-5.42,NYK,1987,NYK
Atlanta Hawks,57,25,.695,—,110.0,102.8,7.18,ATL,1987,ATL
Detroit Pistons,52,30,.634,5.0,111.2,107.8,3.51,DET,1987,DET
Milwaukee Bucks,50,32,.610,7.0,110.4,106.5,4.04,MIL,1987,MIL
Indiana Pacers,41,41,.500,16.0,106.1,106.7,-0.17,IND,1987,IND
Chicago Bulls,40,42,.488,17.0,104.8,103.9,1.26,CHI,1987,CHI
Cleveland Cavaliers,31,51,.378,26.0,104.4,108.2,-3.19,CLE,1987,CLE
Dallas Mavericks,55,27,.671,—,116.7,110.4,5.54,DAL,1987,DAL
Utah Jazz,44,38,.537,11.0,107.9,107.5,0.04,UTA,1987,UTA
Houston Rockets,42,40,.512,13.0,106.9,105.9,0.60,HOU,1987,HOU
Denver Nuggets,37,45,.451,18.0,116.7,117.6,-1.14,DEN,1987,DEN
Sacramento Kings,29,53,.354,26.0,110.9,114.1,-3.34,SAC,1987,SAC
San Antonio Spurs,28,54,.341,27.0,108.3,113.4,-5.09,SAS,1987,SAS
Los Angeles Lakers,65,17,.793,—,117.8,108.5,8.32,LAL,1987,LAL
Portland Trail Blazers,49,33,.598,16.0,117.9,114.8,2.57,POR,1987,POR
Golden State Warriors,42,40,.512,23.0,112.0,114.4,-2.54,GSW,1987,GSW
Seattle SuperSonics,39,43,.476,26.0,113.7,113.3,0.08,SEA,1987,SEA
Phoenix Suns,36,46,.439,29.0,111.1,113.5,-2.63,PHO,1987,PHO
Los Angeles Clippers,12,70,.146,53.0,104.5,115.9,-11.00,LAC,1987,LAC
Boston Celtics,57,25,.695,—,113.6,107.7,6.15,BOS,1988,BOS
Washington Bullets,38,44,.463,19.0,105.5,106.3,-0.16,WSB,1988,WSB
New York Knicks,38,44,.463,19.0,105.5,106.0,0.14,NYK,1988,NYK
Philadelphia 76ers,36,46,.439,21.0,105.7,107.1,-0.79,PHI,1988,PHI
New Jersey Nets,19,63,.232,38.0,100.4,108.5,-6.98,NJN,1988,NJN
Detroit Pistons,54,28,.659,—,109.2,104.1,5.46,DET,1988,DET
Chicago Bulls,50,32,.610,4.0,105.0,101.6,3.76,CHI,1988,CHI
Atlanta Hawks,50,32,.610,4.0,107.9,104.3,4.02,ATL,1988,ATL
Milwaukee Bucks,42,40,.512,12.0,106.1,105.5,1.21,MIL,1988,MIL
Cleveland Cavaliers,42,40,.512,12.0,104.5,103.7,1.28,CLE,1988,CLE
Indiana Pacers,38,44,.463,16.0,104.6,105.4,-0.18,IND,1988,IND
Denver Nuggets,54,28,.659,—,116.7,112.7,3.32,DEN,1988,DEN
Dallas Mavericks,53,29,.646,1.0,109.3,104.9,3.59,DAL,1988,DAL
Utah Jazz,47,35,.573,7.0,108.5,104.8,2.96,UTA,1988,UTA
Houston Rockets,46,36,.561,8.0,109.0,107.6,0.82,HOU,1988,HOU
San Antonio Spurs,31,51,.378,23.0,113.6,118.5,-5.02,SAS,1988,SAS
Sacramento Kings,24,58,.293,30.0,108.0,113.7,-5.84,SAC,1988,SAC
Los Angeles Lakers,62,20,.756,—,112.8,107.0,4.81,LAL,1988,LAL
Portland Trail Blazers,53,29,.646,9.0,116.1,111.5,3.59,POR,1988,POR
Seattle SuperSonics,44,38,.537,18.0,111.4,109.3,1.29,SEA,1988,SEA
Phoenix Suns,28,54,.341,34.0,108.5,113.0,-4.80,PHO,1988,PHO
Golden State Warriors,20,62,.244,42.0,107.0,115.3,-8.38,GSW,1988,GSW
Los Angeles Clippers,17,65,.207,45.0,98.8,109.1,-10.24,LAC,1988,LAC
New York Knicks,52,30,.634,—,116.7,112.9,3.62,NYK,1989,NYK
Philadelphia 76ers,46,36,.561,6.0,111.9,110.4,1.68,PHI,1989,PHI
Boston Celtics,42,40,.512,10.0,109.2,108.1,1.26,BOS,1989,BOS
Washington Bullets,40,42,.488,12.0,108.3,110.4,-1.77,WSB,1989,WSB
New Jersey Nets,26,56,.317,26.0,103.7,110.1,-5.69,NJN,1989,NJN
Charlotte Hornets,20,62,.244,32.0,104.5,113.0,-7.74,CHH,1989,CHO
Detroit Pistons,63,19,.768,—,106.6,100.8,6.24,DET,1989,DET
Cleveland Cavaliers,57,25,.695,6.0,108.8,101.2,7.95,CLE,1989,CLE
Atlanta Hawks,52,30,.634,11.0,111.0,106.1,5.26,ATL,1989,ATL
Milwaukee Bucks,49,33,.598,14.0,108.9,105.3,4.11,MIL,1989,MIL
Chicago Bulls,47,35,.573,16.0,106.4,105.0,2.13,CHI,1989,CHI
Indiana Pacers,28,54,.341,35.0,106.9,111.1,-3.00,IND,1989,IND
Utah Jazz,51,31,.622,—,104.7,99.7,4.01,UTA,1989,UTA
Houston Rockets,45,37,.549,6.0,108.5,107.5,0.22,HOU,1989,HOU
Denver Nuggets,44,38,.537,7.0,118.0,116.3,0.91,DEN,1989,DEN
Dallas Mavericks,38,44,.463,13.0,103.5,104.7,-1.79,DAL,1989,DAL
San Antonio Spurs,21,61,.256,30.0,105.5,112.8,-7.45,SAS,1989,SAS
Miami Heat,15,67,.183,36.0,97.8,109.0,-11.13,MIA,1989,MIA
Los Angeles Lakers,57,25,.695,—,114.7,107.5,6.38,LAL,1989,LAL
Phoenix Suns,55,27,.671,2.0,118.6,110.9,6.84,PHO,1989,PHO
Seattle SuperSonics,47,35,.573,10.0,112.1,109.2,2.44,SEA,1989,SEA
Golden State Warriors,43,39,.524,14.0,116.6,116.9,-0.59,GSW,1989,GSW
Portland Trail Blazers,39,43,.476,18.0,114.6,113.1,0.92,POR,1989,POR
Sacramento Kings,27,55,.329,30.0,105.5,111.0,-5.35,SAC,1989,SAC
Los Angeles Clippers,21,61,.256,36.0,106.2,116.2,-9.50,LAC,1989,LAC
Philadelphia 76ers,53,29,.646,—,110.2,105.2,4.23,PHI,1990,PHI
Boston Celtics,52,30,.634,1.0,110.0,106.0,3.23,BOS,1990,BOS
New York Knicks,45,37,.549,8.0,108.3,106.9,0.78,NYK,1990,NYK
Washington Bullets,31,51,.378,22.0,107.7,109.9,-2.43,WSB,1990,WSB
Miami Heat,18,64,.220,35.0,100.6,110.3,-9.59,MIA,1990,MIA
New Jersey Nets,17,65,.207,36.0,100.1,108.0,-7.82,NJN,1990,NJN
Detroit Pistons,59,23,.720,—,104.3,98.3,5.41,DET,1990,DET
Chicago Bulls,55,27,.671,4.0,109.5,106.2,2.74,CHI,1990,CHI
Milwaukee Bucks,44,38,.537,15.0,106.0,106.8,-1.06,MIL,1990,MIL
Cleveland Cavaliers,42,40,.512,17.0,102.6,102.9,-0.62,CLE,1990,CLE
Indiana Pacers,42,40,.512,17.0,109.3,109.1,-0.18,IND,1990,IND
Atlanta Hawks,41,41,.500,18.0,108.5,107.5,0.64,ATL,1990,ATL
Orlando Magic,18,64,.220,41.0,110.9,119.8,-8.73,ORL,1990,ORL
San Antonio Spurs,56,26,.683,—,106.3,102.8,3.58,SAS,1990,SAS
Utah Jazz,55,27,.671,1.0,106.8,102.0,4.82,UTA,1990,UTA
Dallas Mavericks,47,35,.573,9.0,102.2,102.2,0.42,DAL,1990,DAL
Denver Nuggets,43,39,.524,13.0,114.6,113.2,1.56,DEN,1990,DEN
Houston Rockets,41,41,.500,15.0,106.7,105.3,1.71,HOU,1990,HOU
Minnesota Timberwolves,22,60,.268,34.0,95.2,99.4,-3.60,MIN,1990,MIN
Charlotte Hornets,19,63,.232,37.0,100.4,108.2,-7.00,CHH,1990,CHO
Los Angeles Lakers,63,19,.768,—,110.7,103.9,6.74,LAL,1990,LAL
Portland Trail Blazers,59,23,.720,4.0,114.2,107.9,6.48,POR,1990,POR
Phoenix Suns,54,28,.659,9.0,114.9,107.8,7.09,PHO,1990,PHO
Seattle SuperSonics,41,41,.500,22.0,106.9,105.9,1.40,SEA,1990,SEA
Golden State Warriors,37,45,.451,26.0,116.3,119.4,-2.55,GSW,1990,GSW
Los Angeles Clippers,30,52,.366,33.0,103.8,107.2,-2.80,LAC,1990,LAC
Sacramento Kings,23,59,.280,40.0,101.7,106.8,-4.41,SAC,1990,SAC
Boston Celtics,56,26,.683,—,111.5,105.7,5.22,BOS,1991,BOS
Philadelphia 76ers,44,38,.537,12.0,105.4,105.6,-0.39,PHI,1991,PHI
New York Knicks,39,43,.476,17.0,103.1,103.3,-0.43,NYK,1991,NYK
Washington Bullets,30,52,.366,26.0,101.4,106.4,-4.84,WSB,1991,WSB
New Jersey Nets,26,56,.317,30.0,102.9,107.5,-4.53,NJN,1991,NJN
Miami Heat,24,58,.293,32.0,101.8,107.8,-5.91,MIA,1991,MIA
Chicago Bulls,61,21,.744,—,110.0,101.0,8.57,CHI,1991,CHI
Detroit Pistons,50,32,.610,11.0,100.1,96.8,3.08,DET,1991,DET
Milwaukee Bucks,48,34,.585,13.0,106.4,104.0,2.33,MIL,1991,MIL
Atlanta Hawks,43,39,.524,18.0,109.8,109.0,0.72,ATL,1991,ATL
Indiana Pacers,41,41,.500,20.0,111.7,112.1,-0.37,IND,1991,IND
Cleveland Cavaliers,33,49,.402,28.0,101.7,104.2,-2.33,CLE,1991,CLE
Charlotte Hornets,26,56,.317,35.0,102.8,108.0,-4.95,CHH,1991,CHO
San Antonio Spurs,55,27,.671,—,107.1,102.6,4.30,SAS,1991,SAS
Utah Jazz,54,28,.659,1.0,104.0,100.7,3.18,UTA,1991,UTA
Houston Rockets,52,30,.634,3.0,106.7,103.2,3.27,HOU,1991,HOU
Orlando Magic,31,51,.378,24.0,105.9,109.9,-3.79,ORL,1991,ORL
Minnesota Timberwolves,29,53,.354,26.0,99.6,103.5,-3.75,MIN,1991,MIN
Dallas Mavericks,28,54,.341,27.0,99.9,104.5,-4.27,DAL,1991,DAL
Denver Nuggets,20,62,.244,35.0,119.9,130.8,-10.31,DEN,1991,DEN
Portland Trail Blazers,63,19,.768,—,114.7,106.0,8.47,POR,1991,POR
Los Angeles Lakers,58,24,.707,5.0,106.3,99.6,6.73,LAL,1991,LAL
Phoenix Suns,55,27,.671,8.0,114.0,107.5,6.49,PHO,1991,PHO
Golden State Warriors,44,38,.537,19.0,116.6,115.0,1.72,GSW,1991,GSW
Seattle SuperSonics,41,41,.500,22.0,106.6,105.4,1.31,SEA,1991,SEA
Los Angeles Clippers,31,51,.378,32.0,103.5,107.0,-3.16,LAC,1991,LAC
Sacramento Kings,25,57,.305,38.0,96.7,103.5,-6.27,SAC,1991,SAC
Boston Celtics,51,31,.622,—,106.6,103.0,3.41,BOS,1992,BOS
New York Knicks,51,31,.622,—,101.6,97.7,3.67,NYK,1992,NYK
New Jersey Nets,40,42,.488,11.0,105.4,107.1,-1.54,NJN,1992,NJN
Miami Heat,38,44,.463,13.0,105.0,109.2,-3.94,MIA,1992,MIA
Philadelphia 76ers,35,47,.427,16.0,101.9,103.2,-1.34,PHI,1992,PHI
Washington Bullets,25,57,.305,26.0,102.4,106.8,-4.35,WSB,1992,WSB
Orlando Magic,21,61,.256,30.0,101.6,108.5,-6.52,ORL,1992,ORL
Chicago Bulls,67,15,.817,—,109.9,99.5,10.07,CHI,1992,CHI
Cleveland Cavaliers,57,25,.695,10.0,108.9,103.4,5.34,CLE,1992,CLE
Detroit Pistons,48,34,.585,19.0,98.9,96.9,2.06,DET,1992,DET
Indiana Pacers,40,42,.488,27.0,112.2,110.3,1.85,IND,1992,IND
Atlanta Hawks,38,44,.463,29.0,106.2,107.7,-1.15,ATL,1992,ATL
Milwaukee Bucks,31,51,.378,36.0,105.0,106.7,-1.46,MIL,1992,MIL
Charlotte Hornets,31,51,.378,36.0,109.5,113.4,-3.57,CHH,1992,CHO
Utah Jazz,55,27,.671,—,108.3,101.9,5.70,UTA,1992,UTA
San Antonio Spurs,47,35,.573,8.0,104.0,100.6,2.81,SAS,1992,SAS
Houston Rockets,42,40,.512,13.0,102.0,103.7,-1.94,HOU,1992,HOU
Denver Nuggets,24,58,.293,31.0,99.7,107.6,-7.59,DEN,1992,DEN
Dallas Mavericks,22,60,.268,33.0,97.6,105.3,-7.47,DAL,1992,DAL
Minnesota Timberwolves,15,67,.183,40.0,100.5,107.5,-6.85,MIN,1992,MIN
Portland Trail Blazers,57,25,.695,—,111.4,104.1,6.94,POR,1992,POR
Golden State Warriors,55,27,.671,2.0,118.7,114.8,3.77,GSW,1992,GSW
Phoenix Suns,53,29,.646,4.0,112.1,106.2,5.68,PHO,1992,PHO
Seattle SuperSonics,47,35,.573,10.0,106.5,104.7,1.86,SEA,1992,SEA
Los Angeles Clippers,45,37,.549,12.0,102.9,101.9,1.10,LAC,1992,LAC
Los Angeles Lakers,43,39,.524,14.0,100.4,101.5,-0.95,LAL,1992,LAL
Sacramento Kings,29,53,.354,28.0,104.3,110.3,-5.63,SAC,1992,SAC
New York Knicks,60,22,.732,—,101.6,95.4,5.87,NYK,1993,NYK
Boston Celtics,48,34,.585,12.0,103.7,102.8,0.93,BOS,1993,BOS
New Jersey Nets,43,39,.524,17.0,102.8,101.6,1.20,NJN,1993,NJN
Orlando Magic,41,41,.500,19.0,105.5,104.2,1.35,ORL,1993,ORL
Miami Heat,36,46,.439,24.0,103.6,104.7,-0.93,MIA,1993,MIA
Philadelphia 76ers,26,56,.317,34.0,104.3,110.1,-5.25,PHI,1993,PHI
Washington Bullets,22,60,.268,38.0,101.9,108.9,-6.49,WSB,1993,WSB
Chicago Bulls,57,25,.695,—,105.2,98.9,6.19,CHI,1993,CHI
Cleveland Cavaliers,54,28,.659,3.0,107.7,101.3,6.30,CLE,1993,CLE
Charlotte Hornets,44,38,.537,13.0,110.1,110.4,-0.02,CHH,1993,CHO
Atlanta Hawks,43,39,.524,14.0,107.5,108.4,-0.67,ATL,1993,ATL
Indiana Pacers,41,41,.500,16.0,107.8,106.1,1.77,IND,1993,IND
Detroit Pistons,40,42,.488,17.0,100.6,102.0,-1.10,DET,1993,DET
Milwaukee Bucks,28,54,.341,29.0,102.3,106.1,-3.26,MIL,1993,MIL
Houston Rockets,55,27,.671,—,104.0,99.8,3.57,HOU,1993,HOU
San Antonio Spurs,49,33,.598,6.0,105.5,102.8,2.21,SAS,1993,SAS
Utah Jazz,47,35,.573,8.0,106.2,104.0,1.74,UTA,1993,UTA
Denver Nuggets,36,46,.439,19.0,105.2,106.9,-2.14,DEN,1993,DEN
Minnesota Timberwolves,19,63,.232,36.0,98.1,105.9,-7.62,MIN,1993,MIN
Dallas Mavericks,11,71,.134,44.0,99.3,114.5,-14.68,DAL,1993,DAL
Phoenix Suns,62,20,.756,—,113.4,106.7,6.27,PHO,1993,PHO
Seattle SuperSonics,55,27,.671,7.0,108.3,101.3,6.66,SEA,1993,SEA
Portland Trail Blazers,51,31,.622,11.0,108.5,105.4,2.92,POR,1993,POR
Los Angeles Clippers,41,41,.500,21.0,107.1,106.8,0.33,LAC,1993,LAC
Los Angeles Lakers,39,43,.476,23.0,104.2,105.5,-1.20,LAL,1993,LAL
Golden State Warriors,34,48,.415,28.0,109.9,110.9,-0.94,GSW,1993,GSW
Sacramento Kings,25,57,.305,37.0,107.9,111.1,-3.00,SAC,1993,SAC
New York Knicks,57,25,.695,—,98.5,91.5,6.48,NYK,1994,NYK
Orlando Magic,50,32,.610,7.0,105.7,101.8,3.68,ORL,1994,ORL
New Jersey Nets,45,37,.549,12.0,103.2,101.0,2.11,NJN,1994,NJN
Miami Heat,42,40,.512,15.0,103.4,100.7,2.40,MIA,1994,MIA
Boston Celtics,32,50,.390,25.0,100.8,105.1,-4.28,BOS,1994,BOS
Philadelphia 76ers,25,57,.305,32.0,98.0,105.6,-7.37,PHI,1994,PHI
Washington Bullets,24,58,.293,33.0,100.4,107.7,-7.13,WSB,1994,WSB
Atlanta Hawks,57,25,.695,—,101.4,96.2,4.94,ATL,1994,ATL
Chicago Bulls,55,27,.671,2.0,98.0,94.9,2.87,CHI,1994,CHI
Indiana Pacers,47,35,.573,10.0,101.0,97.5,3.26,IND,1994,IND
Cleveland Cavaliers,47,35,.573,10.0,101.2,97.1,3.64,CLE,1994,CLE
Charlotte Hornets,41,41,.500,16.0,106.5,106.7,-0.23,CHH,1994,CHO
Milwaukee Bucks,20,62,.244,37.0,96.9,103.4,-6.24,MIL,1994,MIL
Detroit Pistons,20,62,.244,37.0,96.9,104.7,-7.46,DET,1994,DET
Houston Rockets,58,24,.707,—,101.1,96.8,4.19,HOU,1994,HOU
San Antonio Spurs,55,27,.671,3.0,100.0,94.8,5.05,SAS,1994,SAS
Utah Jazz,53,29,.646,5.0,101.9,97.7,4.10,UTA,1994,UTA
Denver Nuggets,42,40,.512,16.0,100.3,98.8,1.54,DEN,1994,DEN
Minnesota Timberwolves,20,62,.244,38.0,96.7,103.6,-6.55,MIN,1994,MIN
Dallas Mavericks,13,69,.159,45.0,95.1,103.8,-8.19,DAL,1994,DAL
Seattle SuperSonics,63,19,.768,—,105.9,96.9,8.68,SEA,1994,SEA
Phoenix Suns,56,26,.683,7.0,108.2,103.4,4.68,PHO,1994,PHO
Golden State Warriors,50,32,.610,13.0,107.9,106.1,1.76,GSW,1994,GSW
Portland Trail Blazers,47,35,.573,16.0,107.3,104.6,2.60,POR,1994,POR
Los Angeles Lakers,33,49,.402,30.0,100.4,104.7,-3.93,LAL,1994,LAL
Sacramento Kings,28,54,.341,35.0,101.1,106.9,-5.32,SAC,1994,SAC
Los Angeles Clippers,27,55,.329,36.0,103.0,108.7,-5.28,LAC,1994,LAC
Orlando Magic,57,25,.695,—,110.9,103.8,6.44,ORL,1995,ORL
New York Knicks,55,27,.671,2.0,98.2,95.1,2.78,NYK,1995,NYK
Boston Celtics,35,47,.427,22.0,102.8,104.7,-1.92,BOS,1995,BOS
Miami Heat,32,50,.390,25.0,101.1,102.8,-1.85,MIA,1995,MIA
New Jersey Nets,30,52,.366,27.0,98.1,101.2,-3.28,NJN,1995,NJN
Philadelphia 76ers,24,58,.293,33.0,95.4,100.4,-5.06,PHI,1995,PHI
Washington Bullets,21,61,.256,36.0,100.5,106.1,-5.56,WSB,1995,WSB
Indiana Pacers,52,30,.634,—,99.2,95.5,3.35,IND,1995,IND
Charlotte Hornets,50,32,.610,2.0,100.6,97.3,2.87,CHH,1995,CHO
Chicago Bulls,47,35,.573,5.0,101.5,96.7,4.32,CHI,1995,CHI
Cleveland Cavaliers,43,39,.524,9.0,90.5,89.8,0.55,CLE,1995,CLE
Atlanta Hawks,42,40,.512,10.0,96.6,95.3,1.06,ATL,1995,ATL
Milwaukee Bucks,34,48,.415,18.0,99.3,103.7,-4.30,MIL,1995,MIL
Detroit Pistons,28,54,.341,24.0,98.2,105.5,-7.08,DET,1995,DET
San Antonio Spurs,62,20,.756,—,106.6,100.6,5.90,SAS,1995,SAS
Utah Jazz,60,22,.732,2.0,106.4,98.4,7.76,UTA,1995,UTA
Houston Rockets,47,35,.573,15.0,103.5,101.4,2.32,HOU,1995,HOU
Denver Nuggets,41,41,.500,21.0,101.3,100.5,0.96,DEN,1995,DEN
Dallas Mavericks,36,46,.439,26.0,103.2,106.1,-2.39,DAL,1995,DAL
Minnesota Timberwolves,21,61,.256,41.0,94.2,103.2,-8.22,MIN,1995,MIN
Phoenix Suns,59,23,.720,—,110.6,106.8,3.86,PHO,1995,PHO
Seattle SuperSonics,57,25,.695,2.0,110.4,102.2,7.91,SEA,1995,SEA
Los Angeles Lakers,48,34,.585,11.0,105.1,105.3,-0.01,LAL,1995,LAL
Portland Trail Blazers,44,38,.537,15.0,103.1,99.2,3.80,POR,1995,POR
Sacramento Kings,39,43,.476,20.0,98.2,99.2,-0.74,SAC,1995,SAC
Golden State Warriors,26,56,.317,33.0,105.7,111.1,-4.90,GSW,1995,GSW
Los Angeles Clippers,17,65,.207,42.0,96.7,105.8,-8.43,LAC,1995,LAC
Orlando Magic,60,22,.732,—,104.5,99.0,5.40,ORL,1996,ORL
New York Knicks,47,35,.573,13.0,97.2,94.9,2.24,NYK,1996,NYK
Miami Heat,42,40,.512,18.0,96.5,95.0,1.46,MIA,1996,MIA
Washington Bullets,39,43,.476,21.0,102.5,101.5,0.99,WSB,1996,WSB
Boston Celtics,33,49,.402,27.0,103.6,107.0,-3.37,BOS,1996,BOS
New Jersey Nets,30,52,.366,30.0,93.7,97.9,-4.14,NJN,1996,NJN
Philadelphia 76ers,18,64,.220,42.0,94.5,104.5,-9.45,PHI,1996,PHI
Chicago Bulls,72,10,.878,—,105.2,92.9,11.80,CHI,1996,CHI
Indiana Pacers,52,30,.634,20.0,99.3,96.1,3.11,IND,1996,IND
Cleveland Cavaliers,47,35,.573,25.0,91.1,88.5,2.49,CLE,1996,CLE
Atlanta Hawks,46,36,.561,26.0,98.3,97.1,1.29,ATL,1996,ATL
Detroit Pistons,46,36,.561,26.0,95.4,92.9,2.45,DET,1996,DET
Charlotte Hornets,41,41,.500,31.0,102.8,103.4,-0.48,CHH,1996,CHO
Milwaukee Bucks,25,57,.305,47.0,95.6,100.9,-4.92,MIL,1996,MIL
Toronto Raptors,21,61,.256,51.0,97.5,105.0,-7.20,TOR,1996,TOR
San Antonio Spurs,59,23,.720,—,103.4,97.1,5.98,SAS,1996,SAS
Utah Jazz,55,27,.671,4.0,102.5,95.9,6.25,UTA,1996,UTA
Houston Rockets,48,34,.585,11.0,102.5,100.7,1.63,HOU,1996,HOU
Denver Nuggets,35,47,.427,24.0,97.7,100.4,-2.62,DEN,1996,DEN
Minnesota Timberwolves,26,56,.317,33.0,97.9,103.2,-5.14,MIN,1996,MIN
Dallas Mavericks,26,56,.317,33.0,102.5,107.5,-4.71,DAL,1996,DAL
Vancouver Grizzlies,15,67,.183,44.0,89.8,99.8,-9.55,,1996,VAR
Seattle SuperSonics,64,18,.780,—,104.5,96.7,7.40,SEA,1996,SEA
Los Angeles Lakers,53,29,.646,11.0,102.9,98.5,4.21,LAL,1996,LAL
Portland Trail Blazers,44,38,.537,20.0,99.3,97.0,2.21,POR,1996,POR
Phoenix Suns,41,41,.500,23.0,104.3,104.0,0.28,PHO,1996,PHO
Sacramento Kings,39,43,.476,25.0,99.5,102.3,-2.62,SAC,1996,SAC
Golden State Warriors,36,46,.439,28.0,101.6,103.1,-1.42,GSW,1996,GSW
Los Angeles Clippers,29,53,.354,35.0,99.4,103.0,-3.46,LAC,1996,LAC
Miami Heat,61,21,.744,—,94.8,89.3,5.56,MIA,1997,MIA
New York Knicks,57,25,.695,4.0,95.4,92.2,3.31,NYK,1997,NYK
Orlando Magic,45,37,.549,16.0,94.1,94.5,-0.07,ORL,1997,ORL
Washington Bullets,44,38,.537,17.0,99.4,97.7,1.77,WSB,1997,WSB
New Jersey Nets,26,56,.317,35.0,97.2,101.8,-3.89,NJN,1997,NJN
Philadelphia 76ers,22,60,.268,39.0,100.2,106.7,-5.89,PHI,1997,PHI
Boston Celtics,15,67,.183,46.0,100.6,107.9,-6.62,BOS,1997,BOS
Chicago Bulls,69,13,.841,—,103.1,92.3,10.70,CHI,1997,CHI
Atlanta Hawks,56,26,.683,13.0,94.8,89.4,5.52,ATL,1997,ATL
Detroit Pistons,54,28,.659,15.0,94.2,88.9,5.45,DET,1997,DET
Charlotte Hornets,54,28,.659,15.0,98.9,97.0,2.13,CHH,1997,CHO
Cleveland Cavaliers,42,40,.512,27.0,87.5,85.6,2.32,CLE,1997,CLE
Indiana Pacers,39,43,.476,30.0,95.4,94.4,1.49,IND,1997,IND
Milwaukee Bucks,33,49,.402,36.0,95.3,97.2,-1.38,MIL,1997,MIL
Toronto Raptors,30,52,.366,39.0,95.5,98.6,-2.56,TOR,1997,TOR
Utah Jazz,64,18,.780,—,103.1,94.3,7.97,UTA,1997,UTA
Houston Rockets,57,25,.695,7.0,100.6,96.1,3.85,HOU,1997,HOU
Minnesota Timberwolves,40,42,.488,24.0,96.1,97.6,-1.82,MIN,1997,MIN
Dallas Mavericks,24,58,.293,40.0,90.6,97.0,-6.47,DAL,1997,DAL
Denver Nuggets,21,61,.256,43.0,97.8,104.1,-6.40,DEN,1997,DEN
San Antonio Spurs,20,62,.244,44.0,90.5,98.3,-7.93,SAS,1997,SAS
Vancouver Grizzlies,14,68,.171,50.0,89.2,99.4,-10.17,,1997,VAR
Seattle SuperSonics,57,25,.695,—,100.9,93.2,6.91,SEA,1997,SEA
Los Angeles Lakers,56,26,.683,1.0,100.0,95.7,3.66,LAL,1997,LAL
Portland Trail Blazers,49,33,.598,8.0,99.0,94.8,3.56,POR,1997,POR
Phoenix Suns,40,42,.488,17.0,102.8,102.2,0.21,PHO,1997,PHO
Los Angeles Clippers,36,46,.439,21.0,97.2,99.5,-2.66,LAC,1997,LAC
Sacramento Kings,34,48,.415,23.0,96.4,99.8,-3.64,SAC,1997,SAC
Golden State Warriors,30,52,.366,27.0,99.6,104.4,-4.90,GSW,1997,GSW
Miami Heat,55,27,.671,—,95.0,90.0,5.09,MIA,1998,MIA
New York Knicks,43,39,.524,12.0,91.6,89.1,2.74,NYK,1998,NYK
New Jersey Nets,43,39,.524,12.0,99.6,98.1,1.88,NJN,1998,NJN
Washington Wizards,42,40,.512,13.0,97.2,96.6,1.11,WAS,1998,WAS
Orlando Magic,41,41,.500,14.0,90.1,91.2,-0.53,ORL,1998,ORL
Boston Celtics,36,46,.439,19.0,95.9,98.5,-1.96,BOS,1998,BOS
Philadelphia 76ers,31,51,.378,24.0,93.3,95.7,-1.89,PHI,1998,PHI
Chicago Bulls,62,20,.756,—,96.7,89.6,7.24,CHI,1998,CHI
Indiana Pacers,58,24,.707,4.0,96.0,89.9,6.25,IND,1998,IND
Charlotte Hornets,51,31,.622,11.0,96.6,94.6,2.45,CHH,1998,CHO
Atlanta Hawks,50,32,.610,12.0,95.9,92.3,3.85,ATL,1998,ATL
Cleveland Cavaliers,47,35,.573,15.0,92.5,89.8,3.06,CLE,1998,CLE
Detroit Pistons,37,45,.451,25.0,94.2,92.6,1.95,DET,1998,DET
Milwaukee Bucks,36,46,.439,26.0,94.5,96.4,-1.33,MIL,1998,MIL
Toronto Raptors,16,66,.195,46.0,94.9,104.2,-8.33,TOR,1998,TOR
Utah Jazz,62,20,.756,—,101.0,94.4,5.73,UTA,1998,UTA
San Antonio Spurs,56,26,.683,6.0,92.5,88.5,3.30,SAS,1998,SAS
Minnesota Timberwolves,45,37,.549,17.0,101.1,100.4,0.17,MIN,1998,MIN
Houston Rockets,41,41,.500,21.0,98.8,99.5,-1.23,HOU,1998,HOU
Dallas Mavericks,20,62,.244,42.0,91.4,97.5,-6.33,DAL,1998,DAL
Vancouver Grizzlies,19,63,.232,43.0,96.6,103.9,-7.47,,1998,VAR
Denver Nuggets,11,71,.134,51.0,89.0,100.8,-11.74,DEN,1998,DEN
Seattle SuperSonics,61,21,.744,—,100.6,93.4,6.33,SEA,1998,SEA
Los Angeles Lakers,61,21,.744,—,105.5,97.8,6.88,LAL,1998,LAL
Phoenix Suns,56,26,.683,5.0,99.6,94.4,4.44,PHO,1998,PHO
Portland Trail Blazers,46,36,.561,15.0,94.3,92.9,0.83,POR,1998,POR
Sacramento Kings,27,55,.329,34.0,93.1,98.7,-5.83,SAC,1998,SAC
Golden State Warriors,19,63,.232,42.0,88.3,97.4,-9.20,GSW,1998,GSW
Los Angeles Clippers,17,65,.207,44.0,95.9,103.3,-7.53,LAC,1998,LAC
Miami Heat,33,17,.660,—,89.0,84.0,5.11,MIA,1999,MIA
Orlando Magic,33,17,.660,—,89.5,86.9,3.11,ORL,1999,ORL
Philadelphia 76ers,28,22,.560,5.0,89.7,87.6,2.56,PHI,1999,PHI
New York Knicks,27,23,.540,6.0,86.4,85.4,1.45,NYK,1999,NYK
Boston Celtics,19,31,.380,14.0,93.0,94.9,-1.75,BOS,1999,BOS
Washington Wizards,18,32,.360,15.0,91.2,93.4,-1.75,WAS,1999,WAS
New Jersey Nets,16,34,.320,17.0,91.4,95.2,-3.20,NJN,1999,NJN
Indiana Pacers,33,17,.660,—,94.7,90.9,3.86,IND,1999,IND
Atlanta Hawks,31,19,.620,2.0,86.3,83.4,2.82,ATL,1999,ATL
Detroit Pistons,29,21,.580,4.0,90.4,86.9,3.97,DET,1999,DET
Milwaukee Bucks,28,22,.560,5.0,91.7,90.0,1.66,MIL,1999,MIL
Charlotte Hornets,26,24,.520,7.0,92.9,93.0,0.63,CHH,1999,CHO
Toronto Raptors,23,27,.460,10.0,91.1,92.8,-1.32,TOR,1999,TOR
Cleveland Cavaliers,22,28,.440,11.0,86.4,88.2,-0.94,CLE,1999,CLE
Chicago Bulls,13,37,.260,20.0,81.9,91.4,-8.58,CHI,1999,CHI
San Antonio Spurs,37,13,.740,—,92.8,84.7,7.12,SAS,1999,SAS
Utah Jazz,37,13,.740,—,93.3,86.8,5.54,UTA,1999,UTA
Houston Rockets,31,19,.620,6.0,94.2,91.9,1.39,HOU,1999,HOU
Minnesota Timberwolves,25,25,.500,12.0,92.9,92.6,-0.17,MIN,1999,MIN
Dallas Mavericks,19,31,.380,18.0,91.6,94.0,-2.50,DAL,1999,DAL
Denver Nuggets,14,36,.280,23.0,93.5,100.1,-6.67,DEN,1999,DEN
Vancouver Grizzlies,8,42,.160,29.0,88.9,97.5,-8.94,,1999,VAR
Portland Trail Blazers,35,15,.700,—,94.8,88.5,5.67,POR,1999,POR
Los Angeles Lakers,31,19,.620,4.0,99.0,96.0,2.68,LAL,1999,LAL
Phoenix Suns,27,23,.540,8.0,95.6,93.3,2.15,PHO,1999,PHO
Sacramento Kings,27,23,.540,8.0,100.2,100.6,-0.89,SAC,1999,SAC
Seattle SuperSonics,25,25,.500,10.0,94.9,95.9,-1.43,SEA,1999,SEA
Golden State Warriors,21,29,.420,14.0,88.3,90.8,-2.63,GSW,1999,GSW
Los Angeles Clippers,9,41,.180,26.0,90.4,99.2,-8.94,LAC,1999,LAC
Miami Heat,52,30,.634,—,94.4,91.3,2.75,MIA,2000,MIA
New York Knicks,50,32,.610,2.0,92.1,90.7,1.30,NYK,2000,NYK
Philadelphia 76ers,49,33,.598,3.0,94.8,93.4,1.02,PHI,2000,PHI
Orlando Magic,41,41,.500,11.0,100.1,99.4,0.43,ORL,2000,ORL
Boston Celtics,35,47,.427,17.0,99.3,100.1,-1.00,BOS,2000,BOS
New Jersey Nets,31,51,.378,21.0,98.0,99.0,-1.18,NJN,2000,NJN
Washington Wizards,29,53,.354,23.0,96.6,99.9,-3.47,WAS,2000,WAS
Indiana Pacers,56,26,.683,—,101.3,96.7,4.15,IND,2000,IND
Charlotte Hornets,49,33,.598,7.0,98.4,95.8,2.33,CHH,2000,CHO
Toronto Raptors,45,37,.549,11.0,97.2,97.3,-0.46,TOR,2000,TOR
Detroit Pistons,42,40,.512,14.0,103.5,102.0,1.13,DET,2000,DET
Milwaukee Bucks,42,40,.512,14.0,101.2,101.0,-0.06,MIL,2000,MIL
Cleveland Cavaliers,32,50,.390,24.0,97.0,100.5,-3.64,CLE,2000,CLE
Atlanta Hawks,28,54,.341,28.0,94.3,99.7,-5.41,ATL,2000,ATL
Chicago Bulls,17,65,.207,39.0,84.8,94.2,-9.23,CHI,2000,CHI
Utah Jazz,55,27,.671,—,96.5,92.0,4.52,UTA,2000,UTA
San Antonio Spurs,53,29,.646,2.0,96.2,90.2,5.92,SAS,2000,SAS
Minnesota Timberwolves,50,32,.610,5.0,98.5,96.0,2.67,MIN,2000,MIN
Dallas Mavericks,40,42,.488,15.0,101.4,102.0,-0.29,DAL,2000,DAL
Denver Nuggets,35,47,.427,20.0,99.0,101.1,-1.76,DEN,2000,DEN
Houston Rockets,34,48,.415,21.0,99.5,100.3,-0.57,HOU,2000,HOU
Vancouver Grizzlies,22,60,.268,33.0,93.9,99.5,-5.10,,2000,VAR
Los Angeles Lakers,67,15,.817,—,100.8,92.3,8.41,LAL,2000,LAL
Portland Trail Blazers,59,23,.720,8.0,97.5,91.0,6.36,POR,2000,POR
Phoenix Suns,53,29,.646,14.0,98.9,93.7,5.24,PHO,2000,PHO
Seattle SuperSonics,45,37,.549,22.0,99.1,98.1,1.17,SEA,2000,SEA
Sacramento Kings,44,38,.537,23.0,105.0,102.0,3.04,SAC,2000,SAC
Golden State Warriors,19,63,.232,48.0,95.5,103.8,-7.63,GSW,2000,GSW
Los Angeles Clippers,15,67,.183,52.0,92.0,103.5,-10.73,LAC,2000,LAC
Philadelphia 76ers,56,26,.683,—,94.7,90.4,3.64,PHI,2001,PHI
Miami Heat,50,32,.610,6.0,88.9,86.6,1.73,MIA,2001,MIA
New York Knicks,48,34,.585,8.0,88.7,86.1,1.98,NYK,2001,NYK
Orlando Magic,43,39,.524,13.0,97.5,96.5,0.39,ORL,2001,ORL
Boston Celtics,36,46,.439,20.0,94.6,96.8,-2.40,BOS,2001,BOS
New Jersey Nets,26,56,.317,30.0,92.1,97.1,-5.30,NJN,2001,NJN
Washington Wizards,19,63,.232,37.0,93.2,99.9,-6.75,WAS,2001,WAS
Milwaukee Bucks,52,30,.634,—,100.7,96.9,3.14,MIL,2001,MIL
Toronto Raptors,47,35,.573,5.0,97.6,95.4,1.69,TOR,2001,TOR
Charlotte Hornets,46,36,.561,6.0,91.9,89.8,1.45,CHH,2001,CHO
Indiana Pacers,41,41,.500,11.0,92.6,92.8,-0.77,IND,2001,IND
Detroit Pistons,32,50,.390,20.0,95.6,97.3,-2.08,DET,2001,DET
Cleveland Cavaliers,30,52,.366,22.0,92.2,96.5,-4.48,CLE,2001,CLE
Atlanta Hawks,25,57,.305,27.0,91.0,96.2,-5.55,ATL,2001,ATL
Chicago Bulls,15,67,.183,37.0,87.6,96.7,-9.09,CHI,2001,CHI
San Antonio Spurs,58,24,.707,—,96.2,88.4,7.92,SAS,2001,SAS
Utah Jazz,53,29,.646,5.0,97.1,92.4,5.00,UTA,2001,UTA
Dallas Mavericks,53,29,.646,5.0,100.5,96.2,4.61,DAL,2001,DAL
Minnesota Timberwolves,47,35,.573,11.0,97.3,96.0,1.81,MIN,2001,MIN
Houston Rockets,45,37,.549,13.0,97.2,94.9,2.71,HOU,2001,HOU
Denver Nuggets,40,42,.488,18.0,96.6,99.0,-1.83,DEN,2001,DEN
Vancouver Grizzlies,23,59,.280,35.0,91.7,97.5,-4.94,,2001,VAR
Los Angeles Lakers,56,26,.683,—,100.6,97.2,3.74,LAL,2001,LAL
Sacramento Kings,55,27,.671,1.0,101.7,95.9,6.07,SAC,2001,SAC
Phoenix Suns,51,31,.622,5.0,94.0,91.8,2.63,PHO,2001,PHO
Portland Trail Blazers,50,32,.610,6.0,95.4,91.2,4.52,POR,2001,POR
Seattle SuperSonics,44,38,.537,12.0,97.3,97.3,0.55,SEA,2001,SEA
Los Angeles Clippers,31,51,.378,25.0,92.5,95.3,-2.23,LAC,2001,LAC
Golden State Warriors,17,65,.207,39.0,92.5,101.5,-8.11,GSW,2001,GSW
New Jersey Nets,52,30,.634,—,96.2,92.0,3.67,NJN,2002,NJN
Boston Celtics,49,33,.598,3.0,96.4,94.1,1.75,BOS,2002,BOS
Orlando Magic,44,38,.537,8.0,100.5,98.9,1.25,ORL,2002,ORL
Philadelphia 76ers,43,39,.524,9.0,91.0,89.4,1.27,PHI,2002,PHI
Washington Wizards,37,45,.451,15.0,92.8,94.2,-1.58,WAS,2002,WAS
Miami Heat,36,46,.439,16.0,87.2,88.7,-1.84,MIA,2002,MIA
New York Knicks,30,52,.366,22.0,91.6,95.6,-4.15,NYK,2002,NYK
Detroit Pistons,50,32,.610,—,94.3,92.2,1.69,DET,2002,DET
Charlotte Hornets,44,38,.537,6.0,93.9,92.9,0.57,CHH,2002,CHO
Toronto Raptors,42,40,.512,8.0,91.4,91.8,-0.71,TOR,2002,TOR
Indiana Pacers,42,40,.512,8.0,96.8,96.5,-0.07,IND,2002,IND
Milwaukee Bucks,41,41,.500,9.0,97.5,97.7,-0.62,MIL,2002,MIL
Atlanta Hawks,33,49,.402,17.0,94.0,98.3,-4.41,ATL,2002,ATL
Cleveland Cavaliers,29,53,.354,21.0,95.3,98.6,-3.52,CLE,2002,CLE
Chicago Bulls,21,61,.256,29.0,89.5,98.0,-8.52,CHI,2002,CHI
San Antonio Spurs,58,24,.707,—,96.7,90.5,6.28,SAS,2002,SAS
Dallas Mavericks,57,25,.695,1.0,105.2,101.0,4.41,DAL,2002,DAL
Minnesota Timberwolves,50,32,.610,8.0,99.3,96.0,3.58,MIN,2002,MIN
Utah Jazz,44,38,.537,14.0,96.0,95.1,1.21,UTA,2002,UTA
Houston Rockets,28,54,.341,30.0,92.3,97.2,-4.31,HOU,2002,HOU
Denver Nuggets,27,55,.329,31.0,92.2,98.0,-5.19,DEN,2002,DEN
Memphis Grizzlies,23,59,.280,35.0,89.9,97.3,-6.74,MEM,2002,MEM
Sacramento Kings,61,21,.744,—,104.6,97.0,7.61,SAC,2002,SAC
Los Angeles Lakers,58,24,.707,3.0,101.3,94.1,7.15,LAL,2002,LAL
Portland Trail Blazers,49,33,.598,12.0,96.6,93.7,3.21,POR,2002,POR
Seattle SuperSonics,45,37,.549,16.0,97.7,94.7,3.24,SEA,2002,SEA
Los Angeles Clippers,39,43,.476,22.0,95.7,96.1,-0.09,LAC,2002,LAC
Phoenix Suns,36,46,.439,25.0,95.1,95.8,-0.30,PHO,2002,PHO
Golden State Warriors,21,61,.256,40.0,97.7,103.1,-4.80,GSW,2002,GSW
New Jersey Nets,49,33,.598,—,95.4,90.1,4.42,NJN,2003,NJN
Philadelphia 76ers,48,34,.585,1.0,96.8,94.5,1.76,PHI,2003,PHI
Boston Celtics,44,38,.537,5.0,92.7,93.1,-0.75,BOS,2003,BOS
Orlando Magic,42,40,.512,7.0,98.5,98.4,-0.39,ORL,2003,ORL
Washington Wizards,37,45,.451,12.0,91.5,92.5,-1.47,WAS,2003,WAS
New York Knicks,37,45,.451,12.0,95.9,97.2,-1.61,NYK,2003,NYK
Miami Heat,25,57,.305,24.0,85.6,90.6,-5.13,MIA,2003,MIA
Detroit Pistons,50,32,.610,—,91.4,87.7,2.97,DET,2003,DET
Indiana Pacers,48,34,.585,2.0,96.8,93.3,2.79,IND,2003,IND
New Orleans Hornets,47,35,.573,3.0,93.9,91.8,1.52,NOH,2003,NOH
Milwaukee Bucks,42,40,.512,8.0,99.5,99.3,-0.24,MIL,2003,MIL
Atlanta Hawks,35,47,.427,15.0,94.1,97.6,-3.87,ATL,2003,ATL
Chicago Bulls,30,52,.366,20.0,95.0,100.1,-5.31,CHI,2003,CHI
Toronto Raptors,24,58,.293,26.0,90.9,96.8,-6.10,TOR,2003,TOR
Cleveland Cavaliers,17,65,.207,33.0,91.4,101.0,-9.59,CLE,2003,CLE
San Antonio Spurs,60,22,.732,—,95.8,90.4,5.65,SAS,2003,SAS
Dallas Mavericks,60,22,.732,—,103.0,95.2,7.90,DAL,2003,DAL
Minnesota Timberwolves,51,31,.622,9.0,98.1,96.0,2.46,MIN,2003,MIN
Utah Jazz,47,35,.573,13.0,94.7,92.3,2.76,UTA,2003,UTA
Houston Rockets,43,39,.524,17.0,93.8,92.3,1.89,HOU,2003,HOU
Memphis Grizzlies,28,54,.341,32.0,97.5,100.7,-2.60,MEM,2003,MEM
Denver Nuggets,17,65,.207,43.0,84.2,92.4,-7.41,DEN,2003,DEN
Sacramento Kings,59,23,.720,—,101.7,95.2,6.68,SAC,2003,SAC
Los Angeles Lakers,50,32,.610,9.0,100.4,98.0,2.71,LAL,2003,LAL
Portland Trail Blazers,50,32,.610,9.0,95.2,92.5,2.97,POR,2003,POR
Phoenix Suns,44,38,.537,15.0,95.5,94.4,1.57,PHO,2003,PHO
Seattle SuperSonics,40,42,.488,19.0,92.1,92.3,0.37,SEA,2003,SEA
Golden State Warriors,38,44,.463,21.0,102.4,103.6,-0.60,GSW,2003,GSW
Los Angeles Clippers,27,55,.329,32.0,93.8,97.9,-3.45,LAC,2003,LAC
New Jersey Nets,47,35,.573,—,90.3,87.8,1.88,NJN,2004,NJN
Miami Heat,42,40,.512,5.0,90.3,89.7,-0.13,MIA,2004,MIA
New York Knicks,39,43,.476,8.0,92.0,93.5,-1.97,NYK,2004,NYK
Boston Celtics,36,46,.439,11.0,95.3,96.7,-1.99,BOS,2004,BOS
Philadelphia 76ers,33,49,.402,14.0,88.0,90.5,-2.95,PHI,2004,PHI
Washington Wizards,25,57,.305,22.0,91.8,97.4,-6.12,WAS,2004,WAS
Orlando Magic,21,61,.256,26.0,94.0,101.1,-7.25,ORL,2004,ORL
Indiana Pacers,61,21,.744,—,91.4,85.6,4.93,IND,2004,IND
Detroit Pistons,54,28,.659,7.0,90.1,84.3,5.04,DET,2004,DET
New Orleans Hornets,41,41,.500,20.0,91.8,91.9,-0.72,NOH,2004,NOH
Milwaukee Bucks,41,41,.500,20.0,98.0,97.0,0.42,MIL,2004,MIL
Cleveland Cavaliers,35,47,.427,26.0,92.9,95.5,-3.07,CLE,2004,CLE
Toronto Raptors,33,49,.402,28.0,85.4,88.5,-3.42,TOR,2004,TOR
Atlanta Hawks,28,54,.341,33.0,92.8,97.5,-5.00,ATL,2004,ATL
Chicago Bulls,23,59,.280,38.0,89.7,96.0,-6.69,CHI,2004,CHI
Minnesota Timberwolves,58,24,.707,—,94.5,89.1,5.86,MIN,2004,MIN
San Antonio Spurs,57,25,.695,1.0,91.5,84.3,7.51,SAS,2004,SAS
Dallas Mavericks,52,30,.634,6.0,105.2,100.8,4.86,DAL,2004,DAL
Memphis Grizzlies,50,32,.610,8.0,96.7,94.3,2.95,MEM,2004,MEM
Houston Rockets,45,37,.549,13.0,89.8,88.0,2.28,HOU,2004,HOU
Denver Nuggets,43,39,.524,15.0,97.2,96.1,1.65,DEN,2004,DEN
Utah Jazz,42,40,.512,16.0,88.7,89.9,-0.53,UTA,2004,UTA
Los Angeles Lakers,56,26,.683,—,98.2,94.3,4.35,LAL,2004,LAL
Sacramento Kings,55,27,.671,1.0,102.8,97.8,5.41,SAC,2004,SAC
Portland Trail Blazers,41,41,.500,15.0,90.7,92.0,-0.58,POR,2004,POR
Golden State Warriors,37,45,.451,19.0,93.3,94.0,-0.07,GSW,2004,GSW
Seattle SuperSonics,37,45,.451,19.0,97.1,97.8,0.02,SEA,2004,SEA
Phoenix Suns,29,53,.354,27.0,94.2,97.9,-2.94,PHO,2004,PHO
Los Angeles Clippers,28,54,.341,28.0,94.8,99.4,-3.74,LAC,2004,LAC
Boston Celtics,45,37,.549,—,101.3,100.4,0.35,BOS,2005,BOS
Philadelphia 76ers,43,39,.524,2.0,99.1,99.9,-1.07,PHI,2005,PHI
New Jersey Nets,42,40,.512,3.0,91.4,92.9,-1.82,NJN,2005,NJN
Toronto Raptors,33,49,.402,12.0,99.7,101.4,-1.81,TOR,2005,TOR
New York Knicks,33,49,.402,12.0,97.3,99.7,-2.72,NYK,2005,NYK
Detroit Pistons,54,28,.659,—,93.3,89.5,3.31,DET,2005,DET
Chicago Bulls,47,35,.573,7.0,94.5,93.4,0.65,CHI,2005,CHI
Indiana Pacers,44,38,.537,10.0,93.0,92.2,0.49,IND,2005,IND
Cleveland Cavaliers,42,40,.512,12.0,96.5,95.7,0.27,CLE,2005,CLE
Milwaukee Bucks,30,52,.366,24.0,97.2,100.2,-3.09,MIL,2005,MIL
Miami Heat,59,23,.720,—,101.5,95.0,5.77,MIA,2005,MIA
Washington Wizards,45,37,.549,14.0,100.5,100.8,-0.71,WAS,2005,WAS
Orlando Magic,36,46,.439,23.0,99.5,101.8,-2.52,ORL,2005,ORL
Charlotte Bobcats,18,64,.220,41.0,94.3,100.2,-6.15,,2005,CHA
Atlanta Hawks,13,69,.159,46.0,92.7,102.5,-9.62,ATL,2005,ATL
Seattle SuperSonics,52,30,.634,—,98.9,96.6,2.59,SEA,2005,SEA
Denver Nuggets,49,33,.598,3.0,99.5,97.5,2.23,DEN,2005,DEN
Minnesota Timberwolves,44,38,.537,8.0,96.8,95.3,1.73,MIN,2005,MIN
Portland Trail Blazers,27,55,.329,25.0,92.9,96.9,-3.45,POR,2005,POR
Utah Jazz,26,56,.317,26.0,93.0,97.3,-3.74,UTA,2005,UTA
Phoenix Suns,62,20,.756,—,110.4,103.3,7.08,PHO,2005,PHO
Sacramento Kings,50,32,.610,12.0,103.7,101.6,2.56,SAC,2005,SAC
Los Angeles Clippers,37,45,.451,25.0,95.7,96.5,-0.47,LAC,2005,LAC
Los Angeles Lakers,34,48,.415,28.0,98.7,101.7,-2.32,LAL,2005,LAL
Golden State Warriors,34,48,.415,28.0,98.7,100.9,-1.74,GSW,2005,GSW
San Antonio Spurs,59,23,.720,—,96.2,88.4,7.84,SAS,2005,SAS
Dallas Mavericks,58,24,.707,1.0,102.5,96.8,5.86,DAL,2005,DAL
Houston Rockets,51,31,.622,8.0,95.1,91.0,4.27,HOU,2005,HOU
Memphis Grizzlies,45,37,.549,14.0,93.4,91.1,2.64,MEM,2005,MEM
New Orleans Hornets,18,64,.220,41.0,88.4,95.5,-6.30,NOH,2005,NOH
New Jersey Nets,49,33,.598,—,93.8,92.4,1.11,NJN,2006,NJN
Philadelphia 76ers,38,44,.463,11.0,99.4,101.3,-2.10,PHI,2006,PHI
Boston Celtics,33,49,.402,16.0,98.0,99.5,-1.59,BOS,2006,BOS
Toronto Raptors,27,55,.329,22.0,101.1,104.0,-3.03,TOR,2006,TOR
New York Knicks,23,59,.280,26.0,95.6,102.0,-6.30,NYK,2006,NYK
Detroit Pistons,64,18,.780,—,96.8,90.2,6.24,DET,2006,DET
Cleveland Cavaliers,50,32,.610,14.0,97.6,95.4,2.17,CLE,2006,CLE
Indiana Pacers,41,41,.500,23.0,93.9,92.0,1.62,IND,2006,IND
Chicago Bulls,41,41,.500,23.0,97.8,97.2,0.51,CHI,2006,CHI
Milwaukee Bucks,40,42,.488,24.0,97.8,98.8,-1.07,MIL,2006,MIL
Miami Heat,52,30,.634,—,99.9,96.0,3.59,MIA,2006,MIA
Washington Wizards,42,40,.512,10.0,101.7,99.8,1.57,WAS,2006,WAS
Orlando Magic,36,46,.439,16.0,94.9,96.0,-1.26,ORL,2006,ORL
Charlotte Bobcats,26,56,.317,26.0,96.9,100.9,-3.90,,2006,CHA
Atlanta Hawks,26,56,.317,26.0,97.2,102.0,-4.69,ATL,2006,ATL
Denver Nuggets,44,38,.537,—,100.3,100.1,0.36,DEN,2006,DEN
Utah Jazz,41,41,.500,3.0,92.4,95.0,-2.49,UTA,2006,UTA
Seattle SuperSonics,35,47,.427,9.0,102.6,105.6,-2.88,SEA,2006,SEA
Minnesota Timberwolves,33,49,.402,11.0,91.7,93.6,-1.75,MIN,2006,MIN
Portland Trail Blazers,21,61,.256,23.0,88.8,98.3,-8.91,POR,2006,POR
Phoenix Suns,54,28,.659,—,108.4,102.8,5.48,PHO,2006,PHO
Los Angeles Clippers,47,35,.573,7.0,97.2,95.6,1.75,LAC,2006,LAC
Los Angeles Lakers,45,37,.549,9.0,99.4,96.9,2.53,LAL,2006,LAL
Sacramento Kings,44,38,.537,10.0,98.9,97.3,1.61,SAC,2006,SAC
Golden State Warriors,34,48,.415,20.0,98.5,99.8,-1.11,GSW,2006,GSW
San Antonio Spurs,63,19,.768,—,95.6,88.8,6.69,SAS,2006,SAS
Dallas Mavericks,60,22,.732,3.0,99.1,93.1,5.96,DAL,2006,DAL
Memphis Grizzlies,49,33,.598,14.0,92.2,88.5,3.74,MEM,2006,MEM
New Orleans/Oklahoma City Hornets,38,44,.463,25.0,92.8,95.6,-2.51,,2006,NOK
Houston Rockets,34,48,.415,29.0,90.1,91.7,-1.30,HOU,2006,HOU
Toronto Raptors,47,35,.573,—,99.5,98.5,0.61,TOR,2007,TOR
New Jersey Nets,41,41,.500,6.0,97.6,98.3,-1.00,NJN,2007,NJN
Philadelphia 76ers,35,47,.427,12.0,94.9,98.0,-3.26,PHI,2007,PHI
New York Knicks,33,49,.402,14.0,97.5,100.3,-3.06,NYK,2007,NYK
Boston Celtics,24,58,.293,23.0,95.8,99.2,-3.70,BOS,2007,BOS
Detroit Pistons,53,29,.646,—,96.0,91.8,3.69,DET,2007,DET
Cleveland Cavaliers,50,32,.610,3.0,96.8,92.9,3.33,CLE,2007,CLE
Chicago Bulls,49,33,.598,4.0,98.8,93.8,4.52,CHI,2007,CHI
Indiana Pacers,35,47,.427,18.0,95.6,98.0,-2.62,IND,2007,IND
Milwaukee Bucks,28,54,.341,25.0,99.7,104.0,-4.43,MIL,2007,MIL
Miami Heat,44,38,.537,—,94.6,95.5,-1.21,MIA,2007,MIA
Washington Wizards,41,41,.500,3.0,104.3,104.9,-0.80,WAS,2007,WAS
Orlando Magic,40,42,.488,4.0,94.8,94.0,0.35,ORL,2007,ORL
Charlotte Bobcats,33,49,.402,11.0,96.9,100.6,-3.97,,2007,CHA
Atlanta Hawks,30,52,.366,14.0,93.7,98.4,-4.86,ATL,2007,ATL
Utah Jazz,51,31,.622,—,101.5,98.6,3.06,UTA,2007,UTA
Denver Nuggets,45,37,.549,6.0,105.4,103.7,1.69,DEN,2007,DEN
Portland Trail Blazers,32,50,.390,19.0,94.1,98.4,-3.78,POR,2007,POR
Minnesota Timberwolves,32,50,.390,19.0,96.1,99.7,-3.16,MIN,2007,MIN
Seattle SuperSonics,31,51,.378,20.0,99.1,102.0,-2.45,SEA,2007,SEA
Phoenix Suns,61,21,.744,—,110.2,102.9,7.28,PHO,2007,PHO
Los Angeles Lakers,42,40,.512,19.0,103.3,103.4,0.24,LAL,2007,LAL
Golden State Warriors,42,40,.512,19.0,106.5,106.9,0.00,GSW,2007,GSW
Los Angeles Clippers,40,42,.488,21.0,95.6,96.1,-0.07,LAC,2007,LAC
Sacramento Kings,33,49,.402,28.0,101.3,103.1,-1.35,SAC,2007,SAC
Dallas Mavericks,67,15,.817,—,100.0,92.8,7.28,DAL,2007,DAL
San Antonio Spurs,58,24,.707,9.0,98.5,90.1,8.35,SAS,2007,SAS
Houston Rockets,52,30,.634,15.0,97.0,92.1,5.04,HOU,2007,HOU
New Orleans/Oklahoma City Hornets,39,43,.476,28.0,95.5,97.1,-1.19,,2007,NOK
Memphis Grizzlies,22,60,.268,45.0,101.6,106.7,-4.44,MEM,2007,MEM
Boston Celtics,66,16,.805,—,100.5,90.3,9.30,BOS,2008,BOS
Toronto Raptors,41,41,.500,25.0,100.2,97.3,2.47,TOR,2008,TOR
Philadelphia 76ers,40,42,.488,26.0,96.6,96.2,0.19,PHI,2008,PHI
New Jersey Nets,34,48,.415,32.0,95.8,100.9,-5.15,NJN,2008,NJN
New York Knicks,23,59,.280,43.0,96.9,103.5,-6.55,NYK,2008,NYK
Detroit Pistons,59,23,.720,—,97.5,90.1,6.67,DET,2008,DET
Cleveland Cavaliers,45,37,.549,14.0,96.4,96.7,-0.53,CLE,2008,CLE
Indiana Pacers,36,46,.439,23.0,104.0,105.4,-1.87,IND,2008,IND
Chicago Bulls,33,49,.402,26.0,97.3,100.4,-3.19,CHI,2008,CHI
Milwaukee Bucks,26,56,.317,33.0,97.0,103.9,-6.92,MIL,2008,MIL
Orlando Magic,52,30,.634,—,104.5,99.0,4.79,ORL,2008,ORL
Washington Wizards,43,39,.524,9.0,98.8,99.2,-0.61,WAS,2008,WAS
Atlanta Hawks,37,45,.451,15.0,98.2,100.0,-2.23,ATL,2008,ATL
Charlotte Bobcats,32,50,.390,20.0,97.1,101.4,-4.49,,2008,CHA
Miami Heat,15,67,.183,37.0,91.4,100.0,-8.53,MIA,2008,MIA
Utah Jazz,54,28,.659,—,106.2,99.3,6.86,UTA,2008,UTA
Denver Nuggets,50,32,.610,4.0,110.7,107.0,3.74,DEN,2008,DEN
Portland Trail Blazers,41,41,.500,13.0,95.4,96.3,-0.52,POR,2008,POR
Minnesota Timberwolves,22,60,.268,32.0,95.6,102.4,-6.26,MIN,2008,MIN
Seattle SuperSonics,20,62,.244,34.0,97.5,106.3,-8.04,SEA,2008,SEA
Los Angeles Lakers,57,25,.695,—,108.6,101.3,7.34,LAL,2008,LAL
Phoenix Suns,55,27,.671,2.0,110.1,105.0,5.14,PHO,2008,PHO
Golden State Warriors,48,34,.585,9.0,111.0,108.8,2.38,GSW,2008,GSW
Sacramento Kings,38,44,.463,19.0,102.5,104.8,-1.86,SAC,2008,SAC
Los Angeles Clippers,23,59,.280,34.0,93.8,101.1,-6.56,LAC,2008,LAC
New Orleans Hornets,56,26,.683,—,100.9,95.6,5.46,NOH,2008,NOH
San Antonio Spurs,56,26,.683,—,95.4,90.6,5.10,SAS,2008,SAS
Houston Rockets,55,27,.671,1.0,96.7,92.0,4.83,HOU,2008,HOU
Dallas Mavericks,51,31,.622,5.0,100.4,95.9,4.70,DAL,2008,DAL
Memphis Grizzlies,22,60,.268,34.0,100.7,106.9,-5.76,MEM,2008,MEM
Boston Celtics,62,20,.756,—,100.9,93.4,7.44,BOS,2009,BOS
Philadelphia 76ers,41,41,.500,21.0,97.4,97.3,0.16,PHI,2009,PHI
New Jersey Nets,34,48,.415,28.0,98.1,100.5,-2.31,NJN,2009,NJN
Toronto Raptors,33,49,.402,29.0,99.0,101.9,-2.54,TOR,2009,TOR
New York Knicks,32,50,.390,30.0,105.2,107.8,-2.33,NYK,2009,NYK
Cleveland Cavaliers,66,16,.805,—,100.3,91.4,8.68,CLE,2009,CLE
Chicago Bulls,41,41,.500,25.0,102.2,102.5,-0.16,CHI,2009,CHI
Detroit Pistons,39,43,.476,27.0,94.2,94.7,-0.36,DET,2009,DET
Indiana Pacers,36,46,.439,30.0,105.1,106.2,-0.76,IND,2009,IND
Milwaukee Bucks,34,48,.415,32.0,99.3,100.4,-0.88,MIL,2009,MIL
Orlando Magic,59,23,.720,—,101.0,94.4,6.48,ORL,2009,ORL
Atlanta Hawks,47,35,.573,12.0,98.1,96.5,1.70,ATL,2009,ATL
Miami Heat,43,39,.524,16.0,98.3,98.0,0.49,MIA,2009,MIA
Charlotte Bobcats,35,47,.427,24.0,93.6,94.9,-1.20,,2009,CHA
Washington Wizards,19,63,.232,40.0,96.1,103.5,-6.98,WAS,2009,WAS
Denver Nuggets,54,28,.659,—,104.3,100.9,3.13,DEN,2009,DEN
Portland Trail Blazers,54,28,.659,—,99.4,94.1,5.00,POR,2009,POR
Utah Jazz,48,34,.585,6.0,103.6,100.9,2.31,UTA,2009,UTA
Minnesota Timberwolves,24,58,.293,30.0,97.8,102.7,-4.74,MIN,2009,MIN
Oklahoma City Thunder,23,59,.280,31.0,97.0,103.1,-6.04,OKC,2009,OKC
Los Angeles Lakers,65,17,.793,—,106.9,99.3,7.11,LAL,2009,LAL
Phoenix Suns,46,36,.561,19.0,109.4,107.5,1.62,PHO,2009,PHO
Golden State Warriors,29,53,.354,36.0,108.6,112.3,-3.80,GSW,2009,GSW
Los Angeles Clippers,19,63,.232,46.0,95.1,103.9,-8.47,LAC,2009,LAC
Sacramento Kings,17,65,.207,48.0,100.6,109.3,-8.60,SAC,2009,SAC
San Antonio Spurs,54,28,.659,—,97.0,93.3,3.36,SAS,2009,SAS
Houston Rockets,53,29,.646,1.0,98.4,94.4,3.73,HOU,2009,HOU
Dallas Mavericks,50,32,.610,4.0,101.7,99.8,1.68,DAL,2009,DAL
New Orleans Hornets,49,33,.598,5.0,95.8,94.3,1.41,NOH,2009,NOH
Memphis Grizzlies,24,58,.293,30.0,93.9,99.3,-5.23,MEM,2009,MEM
Boston Celtics,50,32,.610,—,99.2,95.6,3.37,BOS,2010,BOS
Toronto Raptors,40,42,.488,10.0,104.1,105.9,-1.83,TOR,2010,TOR
New York Knicks,29,53,.354,21.0,102.1,105.9,-4.01,NYK,2010,NYK
Philadelphia 76ers,27,55,.329,23.0,97.7,101.6,-3.93,PHI,2010,PHI
New Jersey Nets,12,70,.146,38.0,92.4,101.5,-8.93,NJN,2010,NJN
Cleveland Cavaliers,61,21,.744,—,102.1,95.6,6.17,CLE,2010,CLE
Milwaukee Bucks,46,36,.561,15.0,97.7,96.0,1.37,MIL,2010,MIL
Chicago Bulls,41,41,.500,20.0,97.5,99.1,-1.64,CHI,2010,CHI
Indiana Pacers,32,50,.390,29.0,100.8,103.8,-3.11,IND,2010,IND
Detroit Pistons,27,55,.329,34.0,94.0,99.1,-5.02,DET,2010,DET
Orlando Magic,59,23,.720,—,102.8,95.3,7.12,ORL,2010,ORL
Atlanta Hawks,53,29,.646,6.0,101.7,97.0,4.44,ATL,2010,ATL
Miami Heat,47,35,.573,12.0,96.5,94.2,1.99,MIA,2010,MIA
Charlotte Bobcats,44,38,.537,15.0,95.3,93.8,1.30,,2010,CHA
Washington Wizards,26,56,.317,33.0,96.2,101.0,-4.72,WAS,2010,WAS
Denver Nuggets,53,29,.646,—,106.5,102.4,4.15,DEN,2010,DEN
Utah Jazz,53,29,.646,—,104.2,98.9,5.33,UTA,2010,UTA
Portland Trail Blazers,50,32,.610,3.0,98.1,94.8,3.18,POR,2010,POR
Oklahoma City Thunder,50,32,.610,3.0,101.5,98.0,3.55,OKC,2010,OKC
Minnesota Timberwolves,15,67,.183,38.0,98.2,107.8,-9.06,MIN,2010,MIN
Los Angeles Lakers,57,25,.695,—,101.7,97.0,4.78,LAL,2010,LAL
Phoenix Suns,54,28,.659,3.0,110.2,105.3,4.67,PHO,2010,PHO
Los Angeles Clippers,29,53,.354,28.0,95.7,102.1,-6.01,LAC,2010,LAC
Golden State Warriors,26,56,.317,31.0,108.8,112.4,-3.28,GSW,2010,GSW
Sacramento Kings,25,57,.305,32.0,100.0,104.4,-4.06,SAC,2010,SAC
Dallas Mavericks,55,27,.671,—,102.0,99.3,2.66,DAL,2010,DAL
San Antonio Spurs,50,32,.610,5.0,101.4,96.3,5.07,SAS,2010,SAS
Houston Rockets,42,40,.512,13.0,102.4,102.7,-0.02,HOU,2010,HOU
Memphis Grizzlies,40,42,.488,15.0,102.5,104.0,-1.39,MEM,2010,MEM
New Orleans Hornets,37,45,.451,18.0,100.2,102.7,-2.27,NOH,2010,NOH
Boston Celtics,56,26,.683,—,96.5,91.1,4.83,BOS,2011,BOS
New York Knicks,42,40,.512,14.0,106.5,105.7,0.48,NYK,2011,NYK
Philadelphia 76ers,41,41,.500,15.0,99.0,97.5,1.01,PHI,2011,PHI
New Jersey Nets,24,58,.293,32.0,94.2,100.4,-6.28,NJN,2011,NJN
Toronto Raptors,22,60,.268,34.0,99.1,105.4,-6.28,TOR,2011,TOR
Chicago Bulls,62,20,.756,—,98.6,91.3,6.53,CHI,2011,CHI
Indiana Pacers,37,45,.451,25.0,99.8,100.9,-1.38,IND,2011,IND
Milwaukee Bucks,35,47,.427,27.0,91.9,92.7,-1.02,MIL,2011,MIL
Detroit Pistons,30,52,.366,32.0,97.0,100.6,-3.78,DET,2011,DET
Cleveland Cavaliers,19,63,.232,43.0,95.5,104.5,-8.88,CLE,2011,CLE
Miami Heat,58,24,.707,—,102.1,94.6,6.76,MIA,2011,MIA
Orlando Magic,52,30,.634,6.0,99.2,93.7,4.92,ORL,2011,ORL
Atlanta Hawks,44,38,.537,14.0,95.0,95.8,-1.10,ATL,2011,ATL
Charlotte Bobcats,34,48,.415,24.0,93.3,97.3,-4.08,,2011,CHA
Washington Wizards,23,59,.280,35.0,97.3,104.7,-7.30,WAS,2011,WAS
Oklahoma City Thunder,55,27,.671,—,104.8,101.0,3.81,OKC,2011,OKC
Denver Nuggets,50,32,.610,5.0,107.5,102.7,4.81,DEN,2011,DEN
Portland Trail Blazers,48,34,.585,7.0,96.3,94.8,1.85,POR,2011,POR
Utah Jazz,39,43,.476,16.0,99.4,101.3,-1.44,UTA,2011,UTA
Minnesota Timberwolves,17,65,.207,38.0,101.1,107.7,-5.97,MIN,2011,MIN
Los Angeles Lakers,57,25,.695,—,101.5,95.4,6.01,LAL,2011,LAL
Phoenix Suns,40,42,.488,17.0,105.0,105.9,-0.46,PHO,2011,PHO
Golden State Warriors,36,46,.439,21.0,103.4,105.7,-2.00,GSW,2011,GSW
Los Angeles Clippers,32,50,.390,25.0,98.6,101.8,-2.71,LAC,2011,LAC
Sacramento Kings,24,58,.293,33.0,99.4,104.7,-4.80,SAC,2011,SAC
San Antonio Spurs,61,21,.744,—,103.7,98.0,5.86,SAS,2011,SAS
Dallas Mavericks,57,25,.695,4.0,100.2,96.0,4.41,DAL,2011,DAL
New Orleans Hornets,46,36,.561,15.0,94.9,94.0,1.28,NOH,2011,NOH
Memphis Grizzlies,46,36,.561,15.0,99.9,97.6,2.55,MEM,2011,MEM
Houston Rockets,43,39,.524,18.0,105.9,103.7,2.37,HOU,2011,HOU
Boston Celtics,39,27,.591,—,91.8,89.3,2.26,BOS,2012,BOS
New York Knicks,36,30,.545,3.0,97.8,94.7,2.39,NYK,2012,NYK
Philadelphia 76ers,35,31,.530,4.0,93.6,89.4,3.59,PHI,2012,PHI
Toronto Raptors,23,43,.348,16.0,90.7,94.0,-3.67,TOR,2012,TOR
New Jersey Nets,22,44,.333,17.0,93.1,99.1,-6.37,NJN,2012,NJN
Chicago Bulls,50,16,.758,—,96.3,88.2,7.43,CHI,2012,CHI
Indiana Pacers,42,24,.636,8.0,97.7,94.4,2.60,IND,2012,IND
Milwaukee Bucks,31,35,.470,19.0,99.0,98.7,-0.23,MIL,2012,MIL
Detroit Pistons,25,41,.379,25.0,90.9,95.7,-5.19,DET,2012,DET
Cleveland Cavaliers,21,45,.318,29.0,93.0,100.2,-7.34,CLE,2012,CLE
Miami Heat,46,20,.697,—,98.5,92.5,5.72,MIA,2012,MIA
Atlanta Hawks,40,26,.606,6.0,96.6,93.2,2.67,ATL,2012,ATL
Orlando Magic,37,29,.561,9.0,94.2,93.4,0.46,ORL,2012,ORL
Washington Wizards,20,46,.303,26.0,93.6,98.4,-5.14,WAS,2012,WAS
Charlotte Bobcats,7,59,.106,39.0,87.0,100.9,-13.96,,2012,CHA
Oklahoma City Thunder,47,19,.712,—,103.1,96.9,6.44,OKC,2012,OKC
Denver Nuggets,38,28,.576,9.0,104.1,101.2,3.16,DEN,2012,DEN
Utah Jazz,36,30,.545,11.0,99.7,99.0,0.92,UTA,2012,UTA
Portland Trail Blazers,28,38,.424,19.0,97.2,97.8,-0.22,POR,2012,POR
Minnesota Timberwolves,26,40,.394,21.0,97.9,100.1,-1.83,MIN,2012,MIN
Los Angeles Lakers,41,25,.621,—,97.3,95.9,1.96,LAL,2012,LAL
Los Angeles Clippers,40,26,.606,1.0,97.5,95.0,2.82,LAC,2012,LAC
Phoenix Suns,33,33,.500,8.0,98.4,98.6,0.29,PHO,2012,PHO
Golden State Warriors,23,43,.348,18.0,97.8,101.2,-2.79,GSW,2012,GSW
Sacramento Kings,22,44,.333,19.0,98.8,104.4,-4.95,SAC,2012,SAC
San Antonio Spurs,50,16,.758,—,103.7,96.5,7.28,SAS,2012,SAS
Memphis Grizzlies,41,25,.621,9.0,95.0,93.0,2.43,MEM,2012,MEM
Dallas Mavericks,36,30,.545,14.0,95.8,94.8,1.78,DAL,2012,DAL
Houston Rockets,34,32,.515,16.0,98.1,97.9,0.57,HOU,2012,HOU
New Orleans Hornets,21,45,.318,29.0,89.6,93.4,-3.11,NOH,2012,NOH
New York Knicks,54,28,.659,—,100.0,95.7,3.73,NYK,2013,NYK
Brooklyn Nets,49,33,.598,5.0,96.9,95.1,1.25,,2013,BRK
Boston Celtics,41,40,.506,12.5,96.5,96.7,-0.62,BOS,2013,BOS
Philadelphia 76ers,34,48,.415,20.0,93.2,96.5,-3.51,PHI,2013,PHI
Toronto Raptors,34,48,.415,20.0,97.2,98.7,-1.96,TOR,2013,TOR
Indiana Pacers,49,32,.605,—,94.7,90.7,3.34,IND,2013,IND
Chicago Bulls,45,37,.549,4.5,93.2,92.9,-0.02,CHI,2013,CHI
Milwaukee Bucks,38,44,.463,11.5,98.9,100.4,-1.83,MIL,2013,MIL
Detroit Pistons,29,53,.354,20.5,94.9,98.8,-4.33,DET,2013,DET
Cleveland Cavaliers,24,58,.293,25.5,96.5,101.2,-4.87,CLE,2013,CLE
Miami Heat,66,16,.805,—,102.9,95.0,7.03,MIA,2013,MIA
Atlanta Hawks,44,38,.537,22.0,98.0,97.5,-0.08,ATL,2013,ATL
Washington Wizards,29,53,.354,37.0,93.2,95.8,-2.78,WAS,2013,WAS
Charlotte Bobcats,21,61,.256,45.0,93.4,102.7,-9.29,,2013,CHA
Orlando Magic,20,62,.244,46.0,94.1,101.1,-7.12,ORL,2013,ORL
Oklahoma City Thunder,60,22,.732,—,105.7,96.5,9.15,OKC,2013,OKC
Denver Nuggets,57,25,.695,3.0,106.1,101.1,5.37,DEN,2013,DEN
Utah Jazz,43,39,.524,17.0,98.0,98.1,0.30,UTA,2013,UTA
Portland Trail Blazers,33,49,.402,27.0,97.5,100.7,-2.53,POR,2013,POR
Minnesota Timberwolves,31,51,.378,29.0,95.7,98.1,-1.83,MIN,2013,MIN
Los Angeles Clippers,56,26,.683,—,101.1,94.6,6.43,LAC,2013,LAC
Golden State Warriors,47,35,.573,9.0,101.2,100.3,1.32,GSW,2013,GSW
Los Angeles Lakers,45,37,.549,11.0,102.2,101.0,1.48,LAL,2013,LAL
Sacramento Kings,28,54,.341,28.0,100.2,105.1,-4.26,SAC,2013,SAC
Phoenix Suns,25,57,.305,31.0,95.2,101.6,-5.75,PHO,2013,PHO
San Antonio Spurs,58,24,.707,—,103.0,96.6,6.67,SAS,2013,SAS
Memphis Grizzlies,56,26,.683,2.0,93.4,89.3,4.32,MEM,2013,MEM
Houston Rockets,45,37,.549,13.0,106.0,102.5,3.69,HOU,2013,HOU
Dallas Mavericks,41,41,.500,17.0,101.1,101.7,-0.24,DAL,2013,DAL
New Orleans Hornets,27,55,.329,31.0,94.1,97.9,-3.12,NOH,2013,NOH
Toronto Raptors,48,34,.585,—,101.3,98.0,2.55,TOR,2014,TOR
Brooklyn Nets,44,38,.537,4.0,98.5,99.5,-1.58,,2014,BRK
New York Knicks,37,45,.451,11.0,98.6,99.4,-1.40,NYK,2014,NYK
Boston Celtics,25,57,.305,23.0,96.2,100.7,-4.97,BOS,2014,BOS
Philadelphia 76ers,19,63,.232,29.0,99.5,109.9,-10.66,PHI,2014,PHI
Indiana Pacers,56,26,.683,—,96.7,92.3,3.63,IND,2014,IND
Chicago Bulls,48,34,.585,8.0,93.7,91.8,1.20,CHI,2014,CHI
Cleveland Cavaliers,33,49,.402,23.0,98.2,101.5,-3.86,CLE,2014,CLE
Detroit Pistons,29,53,.354,27.0,101.0,104.7,-4.13,DET,2014,DET
Milwaukee Bucks,15,67,.183,41.0,95.5,103.7,-8.41,MIL,2014,MIL
Miami Heat,54,28,.659,—,102.2,97.4,4.15,MIA,2014,MIA
Washington Wizards,44,38,.537,10.0,100.7,99.4,0.48,WAS,2014,WAS
Charlotte Bobcats,43,39,.524,11.0,96.9,97.1,-0.89,,2014,CHA
Atlanta Hawks,38,44,.463,16.0,101.0,101.5,-0.88,ATL,2014,ATL
Orlando Magic,23,59,.280,31.0,96.5,102.0,-5.88,ORL,2014,ORL
Oklahoma City Thunder,59,23,.720,—,106.2,99.8,6.66,OKC,2014,OKC
Portland Trail Blazers,54,28,.659,5.0,106.7,102.8,4.44,POR,2014,POR
Minnesota Timberwolves,40,42,.488,19.0,106.9,104.3,3.10,MIN,2014,MIN
Denver Nuggets,36,46,.439,23.0,104.4,106.5,-1.40,DEN,2014,DEN
Utah Jazz,25,57,.305,34.0,95.0,102.2,-6.27,UTA,2014,UTA
Los Angeles Clippers,57,25,.695,—,107.9,101.0,7.27,LAC,2014,LAC
Golden State Warriors,51,31,.622,6.0,104.3,99.5,5.15,GSW,2014,GSW
Phoenix Suns,48,34,.585,9.0,105.2,102.6,3.02,PHO,2014,PHO
Sacramento Kings,28,54,.341,29.0,100.5,103.4,-2.08,SAC,2014,SAC
Los Angeles Lakers,27,55,.329,30.0,103.0,109.2,-5.33,LAL,2014,LAL
San Antonio Spurs,62,20,.756,—,105.4,97.6,8.00,SAS,2014,SAS
Houston Rockets,54,28,.659,8.0,107.7,103.1,5.06,HOU,2014,HOU
Memphis Grizzlies,50,32,.610,12.0,96.1,94.6,2.18,MEM,2014,MEM
Dallas Mavericks,49,33,.598,13.0,104.8,102.4,2.91,DAL,2014,DAL
New Orleans Pelicans,34,48,.415,28.0,99.7,102.4,-1.98,NOP,2014,NOP
Toronto Raptors,49,33,.598,—,104.0,100.9,2.45,TOR,2015,TOR
Boston Celtics,40,42,.488,9.0,101.4,101.2,-0.40,BOS,2015,BOS
Brooklyn Nets,38,44,.463,11.0,98.0,100.9,-3.13,,2015,BRK
Philadelphia 76ers,18,64,.220,31.0,92.0,101.0,-9.04,PHI,2015,PHI
New York Knicks,17,65,.207,32.0,91.9,101.2,-9.50,NYK,2015,NYK
Cleveland Cavaliers,53,29,.646,—,103.1,98.7,4.08,CLE,2015,CLE
Chicago Bulls,50,32,.610,3.0,100.8,97.8,2.54,CHI,2015,CHI
Milwaukee Bucks,41,41,.500,12.0,97.8,97.4,-0.09,MIL,2015,MIL
Indiana Pacers,38,44,.463,15.0,97.3,97.0,-0.23,IND,2015,IND
Detroit Pistons,32,50,.390,21.0,98.5,99.5,-1.39,DET,2015,DET
Atlanta Hawks,60,22,.732,—,102.5,97.1,4.75,ATL,2015,ATL
Washington Wizards,46,36,.561,14.0,98.5,97.8,0.17,WAS,2015,WAS
Miami Heat,37,45,.451,23.0,94.7,97.3,-2.92,MIA,2015,MIA
Charlotte Hornets,33,49,.402,27.0,94.2,97.3,-3.44,CHH,2015,CHH
Orlando Magic,25,57,.305,35.0,95.7,101.4,-5.87,ORL,2015,ORL
Portland Trail Blazers,51,31,.622,—,102.8,98.6,4.41,POR,2015,POR
Oklahoma City Thunder,45,37,.549,6.0,104.0,101.8,2.47,OKC,2015,OKC
Utah Jazz,38,44,.463,13.0,95.1,94.9,0.71,UTA,2015,UTA
Denver Nuggets,30,52,.366,21.0,101.5,105.0,-3.07,DEN,2015,DEN
Minnesota Timberwolves,16,66,.195,35.0,97.8,106.5,-8.00,MIN,2015,MIN
Golden State Warriors,67,15,.817,—,110.0,99.9,10.01,GSW,2015,GSW
Los Angeles Clippers,56,26,.683,11.0,106.7,100.1,6.80,LAC,2015,LAC
Phoenix Suns,39,43,.476,28.0,102.4,103.3,-0.38,PHO,2015,PHO
Sacramento Kings,29,53,.354,38.0,101.3,105.0,-3.07,SAC,2015,SAC
Los Angeles Lakers,21,61,.256,46.0,98.5,105.3,-6.17,LAL,2015,LAL
Houston Rockets,56,26,.683,—,103.9,100.5,3.82,HOU,2015,HOU
Memphis Grizzlies,55,27,.671,1.0,98.3,95.1,3.62,MEM,2015,MEM
San Antonio Spurs,55,27,.671,1.0,103.2,97.0,6.34,SAS,2015,SAS
Dallas Mavericks,50,32,.610,6.0,105.2,102.3,3.36,DAL,2015,DAL
New Orleans Pelicans,45,37,.549,11.0,99.4,98.6,1.13,NOP,2015,NOP
Cleveland Cavaliers,57,25,0.695,—,104.3,98.3,5.45,CLE,2016,CLE
Toronto Raptors,56,26,0.683,1.0,102.7,98.2,4.08,TOR,2016,TOR
Miami Heat,48,34,0.585,9.0,100.0,98.4,1.5,MIA,2016,MIA
Atlanta Hawks,48,34,0.585,9.0,102.8,99.2,3.49,ATL,2016,ATL
Boston Celtics,48,34,0.585,9.0,105.7,102.5,2.84,BOS,2016,BOS
Charlotte Hornets,48,34,0.585,9.0,103.4,100.7,2.36,CHH,2016,CHH
Indiana Pacers,45,37,0.549,12.0,102.2,100.5,1.62,IND,2016,IND
Detroit Pistons,44,38,0.537,13.0,102.0,101.4,0.43,DET,2016,DET
Chicago Bulls,42,40,0.512,15.0,101.6,103.1,-1.46,CHI,2016,CHI
Washington Wizards,41,41,0.5,16.0,104.1,104.6,-0.5,WAS,2016,WAS
Orlando Magic,35,47,0.427,22.0,102.1,103.7,-1.68,ORL,2016,ORL
Milwaukee Bucks,33,49,0.402,24.0,99.0,103.2,-3.98,MIL,2016,MIL
New York Knicks,32,50,0.39,25.0,98.4,101.1,-2.74,NYK,2016,NYK
Brooklyn Nets,21,61,0.256,36.0,98.6,106.0,-7.12,,2016,BRK
Philadelphia 76ers,10,72,0.122,47.0,97.4,107.6,-9.92,PHI,2016,PHI
Golden State Warriors,73,9,0.89,—,114.9,104.1,10.38,GSW,2016,GSW
San Antonio Spurs,67,15,0.817,6.0,103.5,92.9,10.28,SAS,2016,SAS
Oklahoma City Thunder,55,27,0.671,18.0,110.2,102.9,7.09,OKC,2016,OKC
Los Angeles Clippers,53,29,0.646,20.0,104.5,100.2,4.13,LAC,2016,LAC
Portland Trail Blazers,44,38,0.537,29.0,105.1,104.3,0.98,POR,2016,POR
Dallas Mavericks,42,40,0.512,31.0,102.3,102.6,-0.02,DAL,2016,DAL
Memphis Grizzlies,42,40,0.512,31.0,99.1,101.3,-2.14,MEM,2016,MEM
Houston Rockets,41,41,0.5,32.0,106.5,106.4,0.34,HOU,2016,HOU
Utah Jazz,40,42,0.488,33.0,97.7,95.9,1.84,UTA,2016,UTA
Sacramento Kings,33,49,0.402,40.0,106.6,109.1,-2.32,SAC,2016,SAC
Denver Nuggets,33,49,0.402,40.0,101.9,105.0,-2.81,DEN,2016,DEN
New Orleans Pelicans,30,52,0.366,43.0,102.7,106.5,-3.56,NOP,2016,NOP
Minnesota Timberwolves,29,53,0.354,44.0,102.4,106.0,-3.38,MIN,2016,MIN
Phoenix Suns,23,59,0.28,50.0,100.9,107.5,-6.32,PHO,2016,PHO
Los Angeles Lakers,17,65,0.207,56.0,97.3,106.9,-8.92,LAL,2016,LAL
Boston Celtics,53,29,0.646,—,108.0,105.4,2.25,BOS,2017,BOS
Cleveland Cavaliers,51,31,0.622,2.0,110.3,107.2,2.87,CLE,2017,CLE
Toronto Raptors,51,31,0.622,2.0,106.9,102.6,3.65,TOR,2017,TOR
Washington Wizards,49,33,0.598,4.0,109.2,107.4,1.36,WAS,2017,WAS
Atlanta Hawks,43,39,0.524,10.0,103.2,104.0,-1.23,ATL,2017,ATL
Milwaukee Bucks,42,40,0.512,11.0,103.6,103.8,-0.45,MIL,2017,MIL
Indiana Pacers,42,40,0.512,11.0,105.1,105.3,-0.64,IND,2017,IND
Chicago Bulls,41,41,0.5,12.0,102.9,102.4,0.03,CHI,2017,CHI
Miami Heat,41,41,0.5,12.0,103.2,102.1,0.77,MIA,2017,MIA
Detroit Pistons,37,45,0.451,16.0,101.3,102.5,-1.29,DET,2017,DET
Charlotte Hornets,36,46,0.439,17.0,104.9,104.7,-0.07,CHH,2017,CHH
New York Knicks,31,51,0.378,22.0,104.3,108.0,-3.87,NYK,2017,NYK
Orlando Magic,29,53,0.354,24.0,101.1,107.6,-6.61,ORL,2017,ORL
Philadelphia 76ers,28,54,0.341,25.0,102.4,108.1,-5.83,PHI,2017,PHI
Brooklyn Nets,20,62,0.244,33.0,105.8,112.5,-6.74,,2017,BRK
Golden State Warriors,67,15,0.817,—,115.9,104.3,11.35,GSW,2017,GSW
San Antonio Spurs,61,21,0.744,6.0,105.3,98.1,7.13,SAS,2017,SAS
Houston Rockets,55,27,0.671,12.0,115.3,109.6,5.84,HOU,2017,HOU
Los Angeles Clippers,51,31,0.622,16.0,108.7,104.4,4.42,LAC,2017,LAC
Utah Jazz,51,31,0.622,16.0,100.7,96.8,4.0,UTA,2017,UTA
Oklahoma City Thunder,47,35,0.573,20.0,106.6,105.8,1.14,OKC,2017,OKC
Memphis Grizzlies,43,39,0.524,24.0,100.5,100.0,0.96,MEM,2017,MEM
Portland Trail Blazers,41,41,0.5,26.0,107.9,108.5,-0.23,POR,2017,POR
Denver Nuggets,40,42,0.488,27.0,111.7,111.2,0.7,DEN,2017,DEN
New Orleans Pelicans,34,48,0.415,33.0,104.3,106.4,-1.69,NOP,2017,NOP
Dallas Mavericks,33,49,0.402,34.0,97.9,100.8,-2.53,DAL,2017,DAL
Sacramento Kings,32,50,0.39,35.0,102.8,106.7,-3.29,SAC,2017,SAC
Minnesota Timberwolves,31,51,0.378,36.0,105.6,106.7,-0.64,MIN,2017,MIN
Los Angeles Lakers,26,56,0.317,41.0,104.6,111.5,-6.29,LAL,2017,LAL
Phoenix Suns,24,58,0.293,43.0,107.7,113.3,-5.14,PHO,2017,PHO
Toronto Raptors,59,23,0.72,—,111.7,103.9,7.29,TOR,2018,TOR
Boston Celtics,55,27,0.671,4.0,104.0,100.4,3.23,BOS,2018,BOS
Philadelphia 76ers,52,30,0.634,7.0,109.8,105.3,4.3,PHI,2018,PHI
Cleveland Cavaliers,50,32,0.61,9.0,110.9,109.9,0.59,CLE,2018,CLE
Indiana Pacers,48,34,0.585,11.0,105.6,104.2,1.18,IND,2018,IND
Miami Heat,44,38,0.537,15.0,103.4,102.9,0.15,MIA,2018,MIA
Milwaukee Bucks,44,38,0.537,15.0,106.5,106.8,-0.45,MIL,2018,MIL
Washington Wizards,43,39,0.524,16.0,106.6,106.0,0.53,WAS,2018,WAS
Detroit Pistons,39,43,0.476,20.0,103.8,103.9,-0.26,DET,2018,DET
Charlotte Hornets,36,46,0.439,23.0,108.2,108.0,0.07,CHH,2018,CHH
New York Knicks,29,53,0.354,30.0,104.5,108.0,-3.53,NYK,2018,NYK
Brooklyn Nets,28,54,0.341,31.0,106.6,110.3,-3.67,,2018,BRK
Chicago Bulls,27,55,0.329,32.0,102.9,110.0,-6.84,CHI,2018,CHI
Orlando Magic,25,57,0.305,34.0,103.4,108.2,-4.92,ORL,2018,ORL
Atlanta Hawks,24,58,0.293,35.0,103.4,108.8,-5.3,ATL,2018,ATL
Houston Rockets,65,17,0.793,—,112.4,103.9,8.21,HOU,2018,HOU
Golden State Warriors,58,24,0.707,7.0,113.5,107.5,5.79,GSW,2018,GSW
Portland Trail Blazers,49,33,0.598,16.0,105.6,103.0,2.6,POR,2018,POR
Oklahoma City Thunder,48,34,0.585,17.0,107.9,104.4,3.42,OKC,2018,OKC
Utah Jazz,48,34,0.585,17.0,104.1,99.8,4.47,UTA,2018,UTA
New Orleans Pelicans,48,34,0.585,17.0,111.7,110.4,1.48,NOP,2018,NOP
San Antonio Spurs,47,35,0.573,18.0,102.7,99.8,2.89,SAS,2018,SAS
Minnesota Timberwolves,47,35,0.573,18.0,109.5,107.3,2.35,MIN,2018,MIN
Denver Nuggets,46,36,0.561,19.0,110.0,108.5,1.57,DEN,2018,DEN
Los Angeles Clippers,42,40,0.512,23.0,109.0,109.0,0.15,LAC,2018,LAC
Los Angeles Lakers,35,47,0.427,30.0,108.1,109.6,-1.44,LAL,2018,LAL
Sacramento Kings,27,55,0.329,38.0,98.8,105.8,-6.6,SAC,2018,SAC
Dallas Mavericks,24,58,0.293,41.0,102.3,105.4,-2.7,DAL,2018,DAL
Memphis Grizzlies,22,60,0.268,43.0,99.3,105.5,-5.81,MEM,2018,MEM
Phoenix Suns,21,61,0.256,44.0,103.9,113.3,-8.8,PHO,2018,PHO
Milwaukee Bucks,60,22,0.732,—,118.1,109.3,8.04,MIL,2019,MIL
Toronto Raptors,58,24,0.707,2.0,114.4,108.4,5.49,TOR,2019,TOR
Philadelphia 76ers,51,31,0.622,9.0,115.2,112.5,2.25,PHI,2019,PHI
Boston Celtics,49,33,0.598,11.0,112.4,108.0,3.9,BOS,2019,BOS
Indiana Pacers,48,34,0.585,12.0,108.0,104.7,2.76,IND,2019,IND
Orlando Magic,42,40,0.512,18.0,107.3,106.6,0.28,ORL,2019,ORL
Brooklyn Nets,42,40,0.512,18.0,112.2,112.3,-0.4,,2019,BRK
Detroit Pistons,41,41,0.5,19.0,107.0,107.3,-0.56,DET,2019,DET
Charlotte Hornets,39,43,0.476,21.0,110.7,111.8,-1.32,CHH,2019,CHH
Miami Heat,39,43,0.476,21.0,105.7,105.9,-0.45,MIA,2019,MIA
Washington Wizards,32,50,0.39,28.0,114.0,116.9,-3.3,WAS,2019,WAS
Atlanta Hawks,29,53,0.354,31.0,113.3,119.4,-6.06,ATL,2019,ATL
Chicago Bulls,22,60,0.268,38.0,104.9,113.4,-8.32,CHI,2019,CHI
Cleveland Cavaliers,19,63,0.232,41.0,104.5,114.1,-9.39,CLE,2019,CLE
New York Knicks,17,65,0.207,43.0,104.6,113.8,-8.93,NYK,2019,NYK
Golden State Warriors,57,25,0.695,—,117.7,111.2,6.42,GSW,2019,GSW
Denver Nuggets,54,28,0.659,3.0,110.7,106.7,4.19,DEN,2019,DEN
Houston Rockets,53,29,0.646,4.0,113.9,109.1,4.96,HOU,2019,HOU
Portland Trail Blazers,53,29,0.646,4.0,114.7,110.5,4.43,POR,2019,POR
Utah Jazz,50,32,0.61,7.0,111.7,106.5,5.28,UTA,2019,UTA
Oklahoma City Thunder,49,33,0.598,8.0,114.5,111.1,3.56,OKC,2019,OKC
San Antonio Spurs,48,34,0.585,9.0,111.7,110.0,1.8,SAS,2019,SAS
Los Angeles Clippers,48,34,0.585,9.0,115.1,114.3,1.09,LAC,2019,LAC
Sacramento Kings,39,43,0.476,18.0,114.2,115.3,-0.81,SAC,2019,SAC
Los Angeles Lakers,37,45,0.451,20.0,111.8,113.5,-1.33,LAL,2019,LAL
Minnesota Timberwolves,36,46,0.439,21.0,112.5,114.0,-1.02,MIN,2019,MIN
Memphis Grizzlies,33,49,0.402,24.0,103.5,106.1,-2.08,MEM,2019,MEM
New Orleans Pelicans,33,49,0.402,24.0,115.4,116.8,-1.1,NOP,2019,NOP
Dallas Mavericks,33,49,0.402,24.0,108.9,110.1,-0.87,DAL,2019,DAL
Phoenix Suns,19,63,0.232,38.0,107.5,116.8,-8.61,PHO,2019,PHO
Milwaukee Bucks,56,17,0.767,—,118.7,108.6,9.41,MIL,2020,MIL
Toronto Raptors,53,19,0.736,2.5,112.8,106.5,5.97,TOR,2020,TOR
Boston Celtics,48,24,0.667,7.5,113.7,107.3,5.83,BOS,2020,BOS
Indiana Pacers,45,28,0.616,11.0,109.4,107.5,1.63,IND,2020,IND
Miami Heat,44,29,0.603,12.0,112.0,109.1,2.59,MIA,2020,MIA
Philadelphia 76ers,43,30,0.589,13.0,110.7,108.4,2.25,PHI,2020,PHI
Brooklyn Nets,35,37,0.486,20.5,111.8,112.3,-1.01,,2020,BRK
Orlando Magic,33,40,0.452,23.0,107.3,108.3,-0.93,ORL,2020,ORL
Charlotte Hornets,23,42,0.354,29.0,102.9,109.6,-7.03,CHH,2020,CHH
Washington Wizards,25,47,0.347,30.5,114.4,119.1,-5.24,WAS,2020,WAS
Chicago Bulls,22,43,0.338,30.0,106.8,109.9,-4.0,CHI,2020,CHI
New York Knicks,21,45,0.318,31.5,105.8,112.3,-6.72,NYK,2020,NYK
Detroit Pistons,20,46,0.303,32.5,107.2,110.8,-4.38,DET,2020,DET
Atlanta Hawks,20,47,0.299,33.0,111.8,119.7,-7.71,ATL,2020,ATL
Cleveland Cavaliers,19,46,0.292,33.0,106.9,114.8,-7.77,CLE,2020,CLE
Los Angeles Lakers,52,19,0.732,—,113.4,107.6,6.28,LAL,2020,LAL
Los Angeles Clippers,49,23,0.681,3.5,116.3,109.9,6.66,LAC,2020,LAC
Denver Nuggets,46,27,0.63,7.0,111.3,109.2,2.35,DEN,2020,DEN
Houston Rockets,44,28,0.611,8.5,117.8,114.8,3.13,HOU,2020,HOU
Oklahoma City Thunder,44,28,0.611,8.5,110.4,108.4,2.33,OKC,2020,OKC
Utah Jazz,44,28,0.611,8.5,111.3,108.8,2.52,UTA,2020,UTA
Dallas Mavericks,43,32,0.573,11.0,117.0,112.1,4.87,DAL,2020,DAL
Portland Trail Blazers,35,39,0.473,18.5,115.0,116.1,-0.61,POR,2020,POR
Memphis Grizzlies,34,39,0.466,19.0,112.6,113.7,-0.91,MEM,2020,MEM
Phoenix Suns,34,39,0.466,19.0,113.6,113.4,0.56,PHO,2020,PHO
San Antonio Spurs,32,39,0.451,20.0,114.1,115.2,-0.65,SAS,2020,SAS
Sacramento Kings,31,41,0.431,21.5,110.1,112.1,-1.59,SAC,2020,SAC
New Orleans Pelicans,30,42,0.417,22.5,115.8,117.1,-0.55,NOP,2020,NOP
Minnesota Timberwolves,19,45,0.297,29.5,113.3,117.5,-4.02,MIN,2020,MIN
Golden State Warriors,15,50,0.231,34.0,106.3,115.0,-8.12,GSW,2020,GSW
Philadelphia 76ers,49,23,0.681,—,113.6,108.1,5.28,PHI,2021,PHI
Brooklyn Nets,48,24,0.667,1.0,118.6,114.1,4.24,,2021,BRK
Milwaukee Bucks,46,26,0.639,3.0,120.1,114.2,5.57,MIL,2021,MIL
New York Knicks,41,31,0.569,8.0,107.0,104.7,2.13,NYK,2021,NYK
Atlanta Hawks,41,31,0.569,8.0,113.7,111.4,2.14,ATL,2021,ATL
Miami Heat,40,32,0.556,9.0,108.1,108.0,-0.06,MIA,2021,MIA
Boston Celtics,36,36,0.5,13.0,112.6,111.2,1.32,BOS,2021,BOS
Washington Wizards,34,38,0.472,15.0,116.6,118.5,-1.85,WAS,2021,WAS
Indiana Pacers,34,38,0.472,15.0,115.3,115.3,-0.13,IND,2021,IND
Charlotte Hornets,33,39,0.458,16.0,109.5,111.4,-1.94,CHH,2021,CHH
Chicago Bulls,31,41,0.431,18.0,110.7,111.6,-0.94,CHI,2021,CHI
Toronto Raptors,27,45,0.375,22.0,111.3,111.7,-0.54,TOR,2021,TOR
Cleveland Cavaliers,22,50,0.306,27.0,103.8,112.3,-8.19,CLE,2021,CLE
Orlando Magic,21,51,0.292,28.0,104.0,113.3,-9.02,ORL,2021,ORL
Detroit Pistons,20,52,0.278,29.0,106.6,111.1,-4.38,DET,2021,DET
Utah Jazz,52,20,0.722,—,116.4,107.2,8.97,UTA,2021,UTA
Phoenix Suns,51,21,0.708,1.0,115.3,109.5,5.67,PHO,2021,PHO
Denver Nuggets,47,25,0.653,5.0,115.1,110.1,4.82,DEN,2021,DEN
Los Angeles Clippers,47,25,0.653,5.0,114.0,107.8,6.02,LAC,2021,LAC
Dallas Mavericks,42,30,0.583,10.0,112.4,110.2,2.26,DAL,2021,DAL
Portland Trail Blazers,42,30,0.583,10.0,116.1,114.3,1.81,POR,2021,POR
Los Angeles Lakers,42,30,0.583,10.0,109.5,106.8,2.77,LAL,2021,LAL
Golden State Warriors,39,33,0.542,13.0,113.7,112.7,1.1,GSW,2021,GSW
Memphis Grizzlies,38,34,0.528,14.0,113.3,112.3,1.07,MEM,2021,MEM
San Antonio Spurs,33,39,0.458,19.0,111.1,112.8,-1.58,SAS,2021,SAS
New Orleans Pelicans,31,41,0.431,21.0,114.6,114.9,-0.2,NOP,2021,NOP
Sacramento Kings,31,41,0.431,21.0,113.7,117.4,-3.45,SAC,2021,SAC
Minnesota Timberwolves,23,49,0.319,29.0,112.1,117.7,-5.25,MIN,2021,MIN
Oklahoma City Thunder,22,50,0.306,30.0,105.0,115.6,-10.13,OKC,2021,OKC
Houston Rockets,17,55,0.236,35.0,108.8,116.7,-7.5,HOU,2021,HOU
Miami Heat,53,29,0.646,—,110.0,105.6,4.23,MIA,2022,MIA
Boston Celtics,51,31,0.622,2.0,111.8,104.5,7.02,BOS,2022,BOS
Milwaukee Bucks,51,31,0.622,2.0,115.5,112.1,3.22,MIL,2022,MIL
Philadelphia 76ers,51,31,0.622,2.0,109.9,107.3,2.57,PHI,2022,PHI
Toronto Raptors,48,34,0.585,5.0,109.4,107.1,2.38,TOR,2022,TOR
Chicago Bulls,46,36,0.561,7.0,111.6,112.0,-0.38,CHI,2022,CHI
Brooklyn Nets,44,38,0.537,9.0,112.9,112.1,0.82,,2022,BRK
Cleveland Cavaliers,44,38,0.537,9.0,107.8,105.7,2.04,CLE,2022,CLE
Atlanta Hawks,43,39,0.524,10.0,113.9,112.4,1.55,ATL,2022,ATL
Charlotte Hornets,43,39,0.524,10.0,115.3,114.9,0.53,CHH,2022,CHH
New York Knicks,37,45,0.451,16.0,106.5,106.6,-0.01,NYK,2022,NYK
Washington Wizards,35,47,0.427,18.0,108.6,112.0,-3.23,WAS,2022,WAS
Indiana Pacers,25,57,0.305,28.0,111.5,114.9,-3.26,IND,2022,IND
Detroit Pistons,23,59,0.28,30.0,104.8,112.5,-7.36,DET,2022,DET
Orlando Magic,22,60,0.268,31.0,104.2,112.2,-7.67,ORL,2022,ORL
Phoenix Suns,64,18,0.78,—,114.8,107.3,6.94,PHO,2022,PHO
Memphis Grizzlies,56,26,0.683,8.0,115.6,109.9,5.37,MEM,2022,MEM
Golden State Warriors,53,29,0.646,11.0,111.0,105.5,5.52,GSW,2022,GSW
Dallas Mavericks,52,30,0.634,12.0,108.0,104.7,3.12,DAL,2022,DAL
Utah Jazz,49,33,0.598,15.0,113.6,107.6,5.67,UTA,2022,UTA
Denver Nuggets,48,34,0.585,16.0,112.7,110.4,2.16,DEN,2022,DEN
Minnesota Timberwolves,46,36,0.561,18.0,115.9,113.3,2.53,MIN,2022,MIN
Los Angeles Clippers,42,40,0.512,22.0,108.4,108.4,0.09,LAC,2022,LAC
New Orleans Pelicans,36,46,0.439,28.0,109.3,110.3,-0.84,NOP,2022,NOP
San Antonio Spurs,34,48,0.415,30.0,113.2,113.0,0.02,SAS,2022,SAS
Los Angeles Lakers,33,49,0.402,31.0,112.1,115.1,-3.08,LAL,2022,LAL
Sacramento Kings,30,52,0.366,34.0,110.3,115.8,-5.26,SAC,2022,SAC
Portland Trail Blazers,27,55,0.329,37.0,106.2,115.1,-8.55,POR,2022,POR
Oklahoma City Thunder,24,58,0.293,40.0,103.7,111.8,-7.9,OKC,2022,OKC
Houston Rockets,20,62,0.244,44.0,109.7,118.2,-8.26,HOU,2022,HOU
Milwaukee Bucks,58,24,0.707,—,116.9,113.3,3.61,MIL,2023,MIL
Boston Celtics,57,25,0.695,1.0,117.9,111.4,6.38,BOS,2023,BOS
Philadelphia 76ers,54,28,0.659,4.0,115.2,110.9,4.37,PHI,2023,PHI
Cleveland Cavaliers,51,31,0.622,7.0,112.3,106.9,5.23,CLE,2023,CLE
New York Knicks,47,35,0.573,11.0,116.0,113.1,2.99,NYK,2023,NYK
Brooklyn Nets,45,37,0.549,13.0,113.4,112.5,1.03,,2023,BRK
Miami Heat,44,38,0.537,14.0,109.5,109.8,-0.13,MIA,2023,MIA
Atlanta Hawks,41,41,0.5,17.0,118.4,118.1,0.32,ATL,2023,ATL
Toronto Raptors,41,41,0.5,17.0,112.9,111.4,1.59,TOR,2023,TOR
Chicago Bulls,40,42,0.488,18.0,113.1,111.8,1.37,CHI,2023,CHI
Indiana Pacers,35,47,0.427,23.0,116.3,119.5,-2.91,IND,2023,IND
Washington Wizards,35,47,0.427,23.0,113.2,114.4,-1.06,WAS,2023,WAS
Orlando Magic,34,48,0.415,24.0,111.4,114.0,-2.39,ORL,2023,ORL
Charlotte Hornets,27,55,0.329,31.0,111.0,117.2,-5.89,CHH,2023,CHH
Detroit Pistons,17,65,0.207,41.0,110.3,118.5,-7.73,DET,2023,DET
Denver Nuggets,53,29,0.646,—,115.8,112.5,3.04,DEN,2023,DEN
Memphis Grizzlies,51,31,0.622,2.0,116.9,113.0,3.6,MEM,2023,MEM
Sacramento Kings,48,34,0.585,5.0,120.7,118.1,2.3,SAC,2023,SAC
Phoenix Suns,45,37,0.549,8.0,113.6,111.6,2.08,PHO,2023,PHO
Los Angeles Clippers,44,38,0.537,9.0,113.6,113.1,0.31,LAC,2023,LAC
Golden State Warriors,44,38,0.537,9.0,118.9,117.1,1.66,GSW,2023,GSW
Los Angeles Lakers,43,39,0.524,10.0,117.2,116.6,0.43,LAL,2023,LAL
Minnesota Timberwolves,42,40,0.512,11.0,115.8,115.8,-0.22,MIN,2023,MIN
New Orleans Pelicans,42,40,0.512,11.0,114.4,112.5,1.63,NOP,2023,NOP
Oklahoma City Thunder,40,42,0.488,13.0,117.5,116.4,0.96,OKC,2023,OKC
Dallas Mavericks,38,44,0.463,15.0,114.2,114.1,-0.14,DAL,2023,DAL
Utah Jazz,37,45,0.451,16.0,117.1,118.0,-1.03,UTA,2023,UTA
Portland Trail Blazers,33,49,0.402,20.0,113.4,117.4,-3.96,POR,2023,POR
Houston Rockets,22,60,0.268,31.0,110.7,118.6,-7.62,HOU,2023,HOU
San Antonio Spurs,22,60,0.268,31.0,113.0,123.1,-9.82,SAS,2023,SAS
Boston Celtics,64,18,0.78,—,120.6,109.2,10.75,BOS,2024,BOS
New York Knicks,50,32,0.61,14.0,112.8,108.2,4.36,NYK,2024,NYK
Milwaukee Bucks,49,33,0.598,15.0,119.0,116.4,2.44,MIL,2024,MIL
Cleveland Cavaliers,48,34,0.585,16.0,112.6,110.2,1.98,CLE,2024,CLE
Orlando Magic,47,35,0.573,17.0,110.5,108.4,1.48,ORL,2024,ORL
Indiana Pacers,47,35,0.573,17.0,123.3,120.2,2.75,IND,2024,IND
Philadelphia 76ers,47,35,0.573,17.0,114.6,111.5,2.51,PHI,2024,PHI
Miami Heat,46,36,0.561,18.0,110.1,108.4,1.1,MIA,2024,MIA
Chicago Bulls,39,43,0.476,25.0,112.3,113.7,-1.77,CHI,2024,CHI
Atlanta Hawks,36,46,0.439,28.0,118.3,120.5,-2.38,ATL,2024,ATL
Brooklyn Nets,32,50,0.39,32.0,110.4,113.3,-3.02,,2024,BRK
Toronto Raptors,25,57,0.305,39.0,112.4,118.8,-6.45,TOR,2024,TOR
Charlotte Hornets,21,61,0.256,43.0,106.6,116.8,-10.12,CHH,2024,CHH
Washington Wizards,15,67,0.183,49.0,113.7,123.0,-9.29,WAS,2024,WAS
Detroit Pistons,14,68,0.171,50.0,109.9,119.0,-9.06,DET,2024,DET
Oklahoma City Thunder,57,25,0.695,—,120.1,112.7,7.36,OKC,2024,OKC
Denver Nuggets,57,25,0.695,—,114.9,109.6,5.23,DEN,2024,DEN
Minnesota Timberwolves,56,26,0.683,1.0,113.0,106.5,6.39,MIN,2024,MIN
Los Angeles Clippers,51,31,0.622,6.0,115.6,112.3,3.41,LAC,2024,LAC
Dallas Mavericks,50,32,0.61,7.0,117.9,115.6,2.3,DAL,2024,DAL
Phoenix Suns,49,33,0.598,8.0,116.2,113.2,3.08,PHO,2024,PHO
New Orleans Pelicans,49,33,0.598,8.0,115.1,110.7,4.46,NOP,2024,NOP
Los Angeles Lakers,47,35,0.573,10.0,118.0,117.4,1.07,LAL,2024,LAL
Sacramento Kings,46,36,0.561,11.0,116.6,114.8,2.29,SAC,2024,SAC
Golden State Warriors,46,36,0.561,11.0,117.8,115.2,2.77,GSW,2024,GSW
Houston Rockets,41,41,0.5,16.0,114.3,113.2,1.24,HOU,2024,HOU
Utah Jazz,31,51,0.378,26.0,115.7,120.5,-4.22,UTA,2024,UTA
Memphis Grizzlies,27,55,0.329,30.0,105.8,112.8,-6.57,MEM,2024,MEM
San Antonio Spurs,22,60,0.268,35.0,112.1,118.6,-5.8,SAS,2024,SAS
Portland Trail Blazers,21,61,0.256,36.0,106.4,115.4,-8.29,POR,2024,POR
Cleveland Cavaliers,56,13,0.812,—,122.4,112.0,9.54,CLE,2025,CLE
Boston Celtics,50,19,0.725,6.0,116.4,108.0,7.96,BOS,2025,BOS
New York Knicks,43,25,0.632,12.5,116.6,112.3,3.66,NYK,2025,NYK
Indiana Pacers,39,29,0.574,16.5,116.9,115.8,0.53,IND,2025,IND
Milwaukee Bucks,38,30,0.559,17.5,114.5,112.5,1.55,MIL,2025,MIL
Detroit Pistons,39,31,0.557,17.5,115.0,112.7,1.63,DET,2025,DET
Atlanta Hawks,33,36,0.478,23.0,117.3,119.4,-2.22,ATL,2025,ATL
Orlando Magic,32,38,0.457,24.5,104.6,106.1,-1.9,ORL,2025,ORL
Chicago Bulls,29,40,0.42,27.0,116.6,119.9,-3.55,CHI,2025,CHI
Miami Heat,29,40,0.42,27.0,109.1,110.8,-1.77,MIA,2025,MIA
Toronto Raptors,24,45,0.348,32.0,110.6,115.8,-4.59,TOR,2025,TOR
Brooklyn Nets,23,46,0.333,33.0,105.5,111.6,-5.8,,2025,BRK
Philadelphia 76ers,23,46,0.333,33.0,109.9,115.2,-5.08,PHI,2025,PHI
Charlotte Hornets,17,51,0.25,38.5,105.7,113.7,-8.27,CHH,2025,CHH
Washington Wizards,15,53,0.221,40.5,108.8,120.6,-11.4,WAS,2025,WAS
Oklahoma City Thunder,57,12,0.826,—,119.8,107.0,12.72,OKC,2025,OKC
Houston Rockets,45,25,0.643,12.5,113.7,109.1,4.98,HOU,2025,HOU
Los Angeles Lakers,43,25,0.632,13.5,113.1,111.4,1.72,LAL,2025,LAL
Denver Nuggets,44,26,0.629,13.5,120.9,116.8,4.19,DEN,2025,DEN
Memphis Grizzlies,43,27,0.614,14.5,122.3,116.8,5.26,MEM,2025,MEM
Golden State Warriors,40,29,0.58,17.0,113.3,110.7,3.04,GSW,2025,GSW
Los Angeles Clippers,39,30,0.565,18.0,111.7,108.6,3.2,LAC,2025,LAC
Minnesota Timberwolves,40,31,0.563,18.0,113.4,109.4,4.55,MIN,2025,MIN
Sacramento Kings,35,33,0.515,21.5,116.6,115.7,0.95,SAC,2025,SAC
Phoenix Suns,33,37,0.471,24.5,114.6,115.8,-1.54,PHO,2025,PHO
Dallas Mavericks,33,37,0.471,24.5,114.9,115.4,0.13,DAL,2025,DAL
Portland Trail Blazers,31,39,0.443,26.5,110.6,114.0,-3.02,POR,2025,POR
San Antonio Spurs,29,39,0.426,27.5,114.2,116.5,-2.13,SAS,2025,SAS
New Orleans Pelicans,19,51,0.271,38.5,110.5,119.0,-7.68,NOP,2025,NOP
Utah Jazz,16,54,0.229,41.5,112.5,119.8,-6.94,UTA,2025,UTA
